,question_class,questions,image_id,correct_answer,correct_idx,model_answers,microns_per_pixel,domain,subdomain,modality,submodality,normal_or_abnormal
0,domain,"['What is the most likely field of study this micrograph would be used for? cytology', 'What is the most likely field of study this micrograph would be used for? pathology', 'What is the most likely field of study this micrograph would be used for? radiology', 'What is the most likely field of study this micrograph would be used for? biology', 'What is the most likely field of study this micrograph would be used for? ophthalmology', 'What is the most likely field of study this micrograph would be used for? none of the above']",887803d6-529b-499a-a5a3-fab0960e683e,pathology,1,"{'pred': [1], 'probs': [[0.002429498126730323, 0.8960424661636353, 0.00010912402649410069, 0.07836075127124786, 1.126796723838197e-05, 0.02304687537252903]], 'pred_prompt': ['What is the most likely field of study this micrograph would be used for? pathology']}",2.0,pathology,cardiovascular pathology,light microscopy,brightfield microscopy,none
1,modality,"['What is the most likely microscopy modality used to acquire this image? light microscopy', 'What is the most likely microscopy modality used to acquire this image? fluorescence microscopy', 'What is the most likely microscopy modality used to acquire this image? electron microscopy', 'What is the most likely microscopy modality used to acquire this image? none of the above']",887803d6-529b-499a-a5a3-fab0960e683e,light microscopy,0,"{'pred': [0], 'probs': [[0.7730522751808167, 0.0006103545310907066, 0.05692793428897858, 0.16940942406654358]], 'pred_prompt': ['What is the most likely microscopy modality used to acquire this image? light microscopy']}",2.0,pathology,cardiovascular pathology,light microscopy,brightfield microscopy,none
2,stain,"['What is the most likely technique used to stain this micrograph? None', 'What is the most likely technique used to stain this micrograph? H&E', 'What is the most likely technique used to stain this micrograph? Toluidine Blue', 'What is the most likely technique used to stain this micrograph? IHC(HDab)', 'What is the most likely technique used to stain this micrograph? IHC(Red)', 'What is the most likely technique used to stain this micrograph? none of the above']",887803d6-529b-499a-a5a3-fab0960e683e,H&E,1,"{'pred': [4], 'probs': [[0.05518419295549393, 0.11456861346960068, 3.453313183854334e-05, 0.2712600529193878, 0.4070185720920563, 0.15193399786949158]], 'pred_prompt': ['What is the most likely technique used to stain this micrograph? IHC(Red)']}",2.0,pathology,cardiovascular pathology,light microscopy,brightfield microscopy,none
3,subdomain,"['What is the most likely subfield of study this micrograph would be used for? cardiovascular pathology', 'What is the most likely subfield of study this micrograph would be used for? renal and medical kidney pathology', 'What is the most likely subfield of study this micrograph would be used for? head and neck pathology', 'What is the most likely subfield of study this micrograph would be used for? blood banking and transfusion medicine', 'What is the most likely subfield of study this micrograph would be used for? endocrine pathology', 'What is the most likely subfield of study this micrograph would be used for? none of the above']",887803d6-529b-499a-a5a3-fab0960e683e,cardiovascular pathology,0,"{'pred': [4], 'probs': [[0.28920885920524597, 0.00027874880470335484, 0.05514596775174141, 0.00037047298974357545, 0.6141873598098755, 0.0408085472881794]], 'pred_prompt': ['What is the most likely subfield of study this micrograph would be used for? endocrine pathology']}",2.0,pathology,cardiovascular pathology,light microscopy,brightfield microscopy,none
4,submodality,"['What is the most likely microscopy submodality used to acquire this image? polarized light microscopy', 'What is the most likely microscopy submodality used to acquire this image? brightfield microscopy', 'What is the most likely microscopy submodality used to acquire this image? darkfield microscopy', 'What is the most likely microscopy submodality used to acquire this image? differential interference contrast microscopy', 'What is the most likely microscopy submodality used to acquire this image? synthetic', 'What is the most likely microscopy submodality used to acquire this image? none of the above']",887803d6-529b-499a-a5a3-fab0960e683e,brightfield microscopy,1,"{'pred': [0], 'probs': [[0.7854417562484741, 0.10216455906629562, 0.0031502977944910526, 0.006469209212809801, 0.012425234541296959, 0.09034892916679382]], 'pred_prompt': ['What is the most likely microscopy submodality used to acquire this image? polarized light microscopy']}",2.0,pathology,cardiovascular pathology,light microscopy,brightfield microscopy,none
5,domain,"['What is the most likely field of study this micrograph would be used for? biology', 'What is the most likely field of study this micrograph would be used for? dermatology', 'What is the most likely field of study this micrograph would be used for? pathology', 'What is the most likely field of study this micrograph would be used for? cytology', 'What is the most likely field of study this micrograph would be used for? radiology', 'What is the most likely field of study this micrograph would be used for? none of the above']",9e7c943c-c5a9-48a1-b30e-bcb2f92b2a4e,pathology,2,"{'pred': [2], 'probs': [[0.05052950233221054, 0.00028990290593355894, 0.9226930737495422, 2.6383711883681826e-05, 0.0005268139066174626, 0.025934366509318352]], 'pred_prompt': ['What is the most likely field of study this micrograph would be used for? pathology']}",2.0,pathology,cardiovascular pathology,light microscopy,brightfield microscopy,none
6,modality,"['What is the most likely microscopy modality used to acquire this image? light microscopy', 'What is the most likely microscopy modality used to acquire this image? electron microscopy', 'What is the most likely microscopy modality used to acquire this image? fluorescence microscopy', 'What is the most likely microscopy modality used to acquire this image? none of the above']",9e7c943c-c5a9-48a1-b30e-bcb2f92b2a4e,light microscopy,0,"{'pred': [0], 'probs': [[0.9759172797203064, 0.0034219876397401094, 0.0003443135938141495, 0.020316384732723236]], 'pred_prompt': ['What is the most likely microscopy modality used to acquire this image? light microscopy']}",2.0,pathology,cardiovascular pathology,light microscopy,brightfield microscopy,none
7,stain,"['What is the most likely technique used to stain this micrograph? Ziehl-Neelsen', 'What is the most likely technique used to stain this micrograph? IHC(HDab)', 'What is the most likely technique used to stain this micrograph? IHC(Red)', 'What is the most likely technique used to stain this micrograph? Congo Red', 'What is the most likely technique used to stain this micrograph? H&E', 'What is the most likely technique used to stain this micrograph? none of the above']",9e7c943c-c5a9-48a1-b30e-bcb2f92b2a4e,H&E,4,"{'pred': [4], 'probs': [[0.0029159614350646734, 0.2253759503364563, 0.041794419288635254, 0.0007049186970107257, 0.5174625515937805, 0.21174615621566772]], 'pred_prompt': ['What is the most likely technique used to stain this micrograph? H&E']}",2.0,pathology,cardiovascular pathology,light microscopy,brightfield microscopy,none
8,subdomain,"['What is the most likely subfield of study this micrograph would be used for? molecular pathology', 'What is the most likely subfield of study this micrograph would be used for? cardiovascular pathology', 'What is the most likely subfield of study this micrograph would be used for? ophthalmic pathology', 'What is the most likely subfield of study this micrograph would be used for? neuropathology', 'What is the most likely subfield of study this micrograph would be used for? pediatric pathology', 'What is the most likely subfield of study this micrograph would be used for? none of the above']",9e7c943c-c5a9-48a1-b30e-bcb2f92b2a4e,cardiovascular pathology,1,"{'pred': [0], 'probs': [[0.5513409376144409, 0.35297733545303345, 1.3738913366978522e-05, 0.018853185698390007, 0.05626139044761658, 0.020553426817059517]], 'pred_prompt': ['What is the most likely subfield of study this micrograph would be used for? molecular pathology']}",2.0,pathology,cardiovascular pathology,light microscopy,brightfield microscopy,none
9,submodality,"['What is the most likely microscopy submodality used to acquire this image? synthetic', 'What is the most likely microscopy submodality used to acquire this image? phase contrast microscopy', 'What is the most likely microscopy submodality used to acquire this image? brightfield microscopy', 'What is the most likely microscopy submodality used to acquire this image? darkfield microscopy', 'What is the most likely microscopy submodality used to acquire this image? differential interference contrast microscopy', 'What is the most likely microscopy submodality used to acquire this image? none of the above']",9e7c943c-c5a9-48a1-b30e-bcb2f92b2a4e,brightfield microscopy,2,"{'pred': [2], 'probs': [[0.03963840752840042, 0.035854946821928024, 0.6872158646583557, 0.011995228007435799, 0.012221109122037888, 0.21307438611984253]], 'pred_prompt': ['What is the most likely microscopy submodality used to acquire this image? brightfield microscopy']}",2.0,pathology,cardiovascular pathology,light microscopy,brightfield microscopy,none
10,domain,"['What is the most likely field of study this micrograph would be used for? pathology', 'What is the most likely field of study this micrograph would be used for? radiology', 'What is the most likely field of study this micrograph would be used for? biology', 'What is the most likely field of study this micrograph would be used for? cytology', 'What is the most likely field of study this micrograph would be used for? dermatology', 'What is the most likely field of study this micrograph would be used for? none of the above']",02bf6398-5f9a-479a-9359-8182ff96ce43,pathology,0,"{'pred': [0], 'probs': [[0.9295810461044312, 0.0005442331894300878, 0.04481785371899605, 0.0003278653312008828, 3.9583101170137525e-05, 0.024689381942152977]], 'pred_prompt': ['What is the most likely field of study this micrograph would be used for? pathology']}",2.0,pathology,cardiovascular pathology,light microscopy,brightfield microscopy,none
11,modality,"['What is the most likely microscopy modality used to acquire this image? fluorescence microscopy', 'What is the most likely microscopy modality used to acquire this image? electron microscopy', 'What is the most likely microscopy modality used to acquire this image? light microscopy', 'What is the most likely microscopy modality used to acquire this image? none of the above']",02bf6398-5f9a-479a-9359-8182ff96ce43,light microscopy,2,"{'pred': [2], 'probs': [[0.00020284763013478369, 0.01326397992670536, 0.9492537975311279, 0.03727937489748001]], 'pred_prompt': ['What is the most likely microscopy modality used to acquire this image? light microscopy']}",2.0,pathology,cardiovascular pathology,light microscopy,brightfield microscopy,none
12,stain,"['What is the most likely technique used to stain this micrograph? H&E', 'What is the most likely technique used to stain this micrograph? Ziehl-Neelsen', 'What is the most likely technique used to stain this micrograph? Basic fuchsin', 'What is the most likely technique used to stain this micrograph? PAS', 'What is the most likely technique used to stain this micrograph? IHC(HDab)', 'What is the most likely technique used to stain this micrograph? none of the above']",02bf6398-5f9a-479a-9359-8182ff96ce43,H&E,0,"{'pred': [0], 'probs': [[0.3449302017688751, 0.002177749527618289, 0.15924538671970367, 0.07544951140880585, 0.2981185019016266, 0.1200786754488945]], 'pred_prompt': ['What is the most likely technique used to stain this micrograph? H&E']}",2.0,pathology,cardiovascular pathology,light microscopy,brightfield microscopy,none
13,subdomain,"['What is the most likely subfield of study this micrograph would be used for? gynecologic pathology', 'What is the most likely subfield of study this micrograph would be used for? cardiovascular pathology', 'What is the most likely subfield of study this micrograph would be used for? molecular pathology', 'What is the most likely subfield of study this micrograph would be used for? hematopathology', 'What is the most likely subfield of study this micrograph would be used for? head and neck pathology', 'What is the most likely subfield of study this micrograph would be used for? none of the above']",02bf6398-5f9a-479a-9359-8182ff96ce43,cardiovascular pathology,1,"{'pred': [3], 'probs': [[0.0021125497296452522, 0.21518775820732117, 0.23353953659534454, 0.5368743538856506, 0.006393349729478359, 0.005892402492463589]], 'pred_prompt': ['What is the most likely subfield of study this micrograph would be used for? hematopathology']}",2.0,pathology,cardiovascular pathology,light microscopy,brightfield microscopy,none
14,submodality,"['What is the most likely microscopy submodality used to acquire this image? mixed', 'What is the most likely microscopy submodality used to acquire this image? polarized light microscopy', 'What is the most likely microscopy submodality used to acquire this image? darkfield microscopy', 'What is the most likely microscopy submodality used to acquire this image? brightfield microscopy', 'What is the most likely microscopy submodality used to acquire this image? differential interference contrast microscopy', 'What is the most likely microscopy submodality used to acquire this image? none of the above']",02bf6398-5f9a-479a-9359-8182ff96ce43,brightfield microscopy,3,"{'pred': [1], 'probs': [[0.031038302928209305, 0.8005021214485168, 0.0011277099838480353, 0.12021241337060928, 0.00250971014611423, 0.04460972920060158]], 'pred_prompt': ['What is the most likely microscopy submodality used to acquire this image? polarized light microscopy']}",2.0,pathology,cardiovascular pathology,light microscopy,brightfield microscopy,none
