question_class,questions,image_id,correct_answer,correct_idx,model_answers,microns_per_pixel,domain,subdomain,modality,submodality,normal_or_abnormal
classification,"['H&E stained light micrograph of human cardiac tissue. Based on the image, what is the most likely clinical chronic heart diagnosis? chronic heart failure', 'H&E stained light micrograph of human cardiac tissue. Based on the image, what is the most likely clinical chronic heart diagnosis? not chronic heart failure', 'H&E stained light micrograph of human cardiac tissue. Based on the image, what is the most likely clinical chronic heart diagnosis? none of the above']",9b06ab63-3f62-4242-900c-72c4804e418d,not chronic heart failure,1,"{'pred': [1], 'probs': [[0.2985755503177643, 0.37518396973609924, 0.3262404203414917]], 'pred_prompt': ['H&E stained light micrograph of human cardiac tissue. Based on the image, what is the most likely clinical chronic heart diagnosis? not chronic heart failure']}",2.0,,,,,
classification,"['H&E stained light micrograph of human cardiac tissue. Based on the image, what is the most likely clinical chronic heart diagnosis? not chronic heart failure', 'H&E stained light micrograph of human cardiac tissue. Based on the image, what is the most likely clinical chronic heart diagnosis? chronic heart failure', 'H&E stained light micrograph of human cardiac tissue. Based on the image, what is the most likely clinical chronic heart diagnosis? none of the above']",adecede6-3a64-4634-be1a-20364b632c3e,chronic heart failure,1,"{'pred': [2], 'probs': [[0.2575336992740631, 0.3560054302215576, 0.3864608407020569]], 'pred_prompt': ['H&E stained light micrograph of human cardiac tissue. Based on the image, what is the most likely clinical chronic heart diagnosis? none of the above']}",2.0,,,,,
classification,"['H&E stained light micrograph of human cardiac tissue. Based on the image, what is the most likely clinical chronic heart diagnosis? not chronic heart failure', 'H&E stained light micrograph of human cardiac tissue. Based on the image, what is the most likely clinical chronic heart diagnosis? chronic heart failure', 'H&E stained light micrograph of human cardiac tissue. Based on the image, what is the most likely clinical chronic heart diagnosis? none of the above']",a872b7ee-869d-457c-85dd-2ef7140aedf7,chronic heart failure,1,"{'pred': [0], 'probs': [[0.34160369634628296, 0.3386209309101105, 0.31977537274360657]], 'pred_prompt': ['H&E stained light micrograph of human cardiac tissue. Based on the image, what is the most likely clinical chronic heart diagnosis? not chronic heart failure']}",2.0,,,,,
classification,"['H&E stained light micrograph of human cardiac tissue. Based on the image, what is the most likely clinical chronic heart diagnosis? not chronic heart failure', 'H&E stained light micrograph of human cardiac tissue. Based on the image, what is the most likely clinical chronic heart diagnosis? chronic heart failure', 'H&E stained light micrograph of human cardiac tissue. Based on the image, what is the most likely clinical chronic heart diagnosis? none of the above']",7f2fe92e-c613-40b5-9b63-e62cb043eb75,not chronic heart failure,0,"{'pred': [2], 'probs': [[0.3043304979801178, 0.32416459918022156, 0.37150487303733826]], 'pred_prompt': ['H&E stained light micrograph of human cardiac tissue. Based on the image, what is the most likely clinical chronic heart diagnosis? none of the above']}",2.0,,,,,
classification,"['H&E stained light micrograph of human cardiac tissue. Based on the image, what is the most likely clinical chronic heart diagnosis? not chronic heart failure', 'H&E stained light micrograph of human cardiac tissue. Based on the image, what is the most likely clinical chronic heart diagnosis? chronic heart failure', 'H&E stained light micrograph of human cardiac tissue. Based on the image, what is the most likely clinical chronic heart diagnosis? none of the above']",cd89bd58-5c04-4fbd-a525-46323dc83fad,chronic heart failure,1,"{'pred': [1], 'probs': [[0.35262978076934814, 0.3552572429180145, 0.29211294651031494]], 'pred_prompt': ['H&E stained light micrograph of human cardiac tissue. Based on the image, what is the most likely clinical chronic heart diagnosis? chronic heart failure']}",2.0,,,,,
classification,"['H&E stained light micrograph of human cardiac tissue. Based on the image, what is the most likely clinical chronic heart diagnosis? chronic heart failure', 'H&E stained light micrograph of human cardiac tissue. Based on the image, what is the most likely clinical chronic heart diagnosis? not chronic heart failure', 'H&E stained light micrograph of human cardiac tissue. Based on the image, what is the most likely clinical chronic heart diagnosis? none of the above']",593e3c11-705e-405d-baa4-df5a4d035eaa,not chronic heart failure,1,"{'pred': [1], 'probs': [[0.3367113173007965, 0.35521364212036133, 0.30807507038116455]], 'pred_prompt': ['H&E stained light micrograph of human cardiac tissue. Based on the image, what is the most likely clinical chronic heart diagnosis? not chronic heart failure']}",2.0,,,,,
classification,"['H&E stained light micrograph of human cardiac tissue. Based on the image, what is the most likely clinical chronic heart diagnosis? not chronic heart failure', 'H&E stained light micrograph of human cardiac tissue. Based on the image, what is the most likely clinical chronic heart diagnosis? chronic heart failure', 'H&E stained light micrograph of human cardiac tissue. Based on the image, what is the most likely clinical chronic heart diagnosis? none of the above']",a080c11f-78c5-47e3-a845-52854dcf4a2d,not chronic heart failure,0,"{'pred': [0], 'probs': [[0.3628436326980591, 0.32544949650764465, 0.3117068409919739]], 'pred_prompt': ['H&E stained light micrograph of human cardiac tissue. Based on the image, what is the most likely clinical chronic heart diagnosis? not chronic heart failure']}",2.0,,,,,
classification,"['H&E stained light micrograph of human cardiac tissue. Based on the image, what is the most likely clinical chronic heart diagnosis? not chronic heart failure', 'H&E stained light micrograph of human cardiac tissue. Based on the image, what is the most likely clinical chronic heart diagnosis? chronic heart failure', 'H&E stained light micrograph of human cardiac tissue. Based on the image, what is the most likely clinical chronic heart diagnosis? none of the above']",f2cf31dd-814d-463f-8daa-7470de74f696,not chronic heart failure,0,"{'pred': [1], 'probs': [[0.3392384648323059, 0.37749338150024414, 0.28326818346977234]], 'pred_prompt': ['H&E stained light micrograph of human cardiac tissue. Based on the image, what is the most likely clinical chronic heart diagnosis? chronic heart failure']}",2.0,,,,,
classification,"['H&E stained light micrograph of human cardiac tissue. Based on the image, what is the most likely clinical chronic heart diagnosis? not chronic heart failure', 'H&E stained light micrograph of human cardiac tissue. Based on the image, what is the most likely clinical chronic heart diagnosis? chronic heart failure', 'H&E stained light micrograph of human cardiac tissue. Based on the image, what is the most likely clinical chronic heart diagnosis? none of the above']",3fe77790-d999-42b7-968d-000bbc35ef0a,chronic heart failure,1,"{'pred': [1], 'probs': [[0.2593728005886078, 0.4547985792160034, 0.2858286201953888]], 'pred_prompt': ['H&E stained light micrograph of human cardiac tissue. Based on the image, what is the most likely clinical chronic heart diagnosis? chronic heart failure']}",2.0,,,,,
classification,"['H&E stained light micrograph of human cardiac tissue. Based on the image, what is the most likely clinical chronic heart diagnosis? not chronic heart failure', 'H&E stained light micrograph of human cardiac tissue. Based on the image, what is the most likely clinical chronic heart diagnosis? chronic heart failure', 'H&E stained light micrograph of human cardiac tissue. Based on the image, what is the most likely clinical chronic heart diagnosis? none of the above']",789e0321-0542-416f-a916-c5fcacd42a93,chronic heart failure,1,"{'pred': [1], 'probs': [[0.24604769051074982, 0.41960597038269043, 0.33434638381004333]], 'pred_prompt': ['H&E stained light micrograph of human cardiac tissue. Based on the image, what is the most likely clinical chronic heart diagnosis? chronic heart failure']}",2.0,,,,,
classification,"['H&E stained light micrograph of human cardiac tissue. Based on the image, what is the most likely clinical chronic heart diagnosis? chronic heart failure', 'H&E stained light micrograph of human cardiac tissue. Based on the image, what is the most likely clinical chronic heart diagnosis? not chronic heart failure', 'H&E stained light micrograph of human cardiac tissue. Based on the image, what is the most likely clinical chronic heart diagnosis? none of the above']",109ef31c-7144-4046-b861-0bd10b7dedaf,not chronic heart failure,1,"{'pred': [2], 'probs': [[0.3457641005516052, 0.2827399671077728, 0.37149590253829956]], 'pred_prompt': ['H&E stained light micrograph of human cardiac tissue. Based on the image, what is the most likely clinical chronic heart diagnosis? none of the above']}",2.0,,,,,
classification,"['H&E stained light micrograph of human cardiac tissue. Based on the image, what is the most likely clinical chronic heart diagnosis? not chronic heart failure', 'H&E stained light micrograph of human cardiac tissue. Based on the image, what is the most likely clinical chronic heart diagnosis? chronic heart failure', 'H&E stained light micrograph of human cardiac tissue. Based on the image, what is the most likely clinical chronic heart diagnosis? none of the above']",b6fca0bb-f16e-46ff-88e0-3330ea3bcb06,not chronic heart failure,0,"{'pred': [1], 'probs': [[0.3350095748901367, 0.4362669587135315, 0.22872349619865417]], 'pred_prompt': ['H&E stained light micrograph of human cardiac tissue. Based on the image, what is the most likely clinical chronic heart diagnosis? chronic heart failure']}",2.0,,,,,
classification,"['H&E stained light micrograph of human cardiac tissue. Based on the image, what is the most likely clinical chronic heart diagnosis? not chronic heart failure', 'H&E stained light micrograph of human cardiac tissue. Based on the image, what is the most likely clinical chronic heart diagnosis? chronic heart failure', 'H&E stained light micrograph of human cardiac tissue. Based on the image, what is the most likely clinical chronic heart diagnosis? none of the above']",6c8e61e3-8d48-4754-9673-d17a2b244192,not chronic heart failure,0,"{'pred': [2], 'probs': [[0.22899113595485687, 0.3280346989631653, 0.4429742097854614]], 'pred_prompt': ['H&E stained light micrograph of human cardiac tissue. Based on the image, what is the most likely clinical chronic heart diagnosis? none of the above']}",2.0,,,,,
classification,"['H&E stained light micrograph of human cardiac tissue. Based on the image, what is the most likely clinical chronic heart diagnosis? chronic heart failure', 'H&E stained light micrograph of human cardiac tissue. Based on the image, what is the most likely clinical chronic heart diagnosis? not chronic heart failure', 'H&E stained light micrograph of human cardiac tissue. Based on the image, what is the most likely clinical chronic heart diagnosis? none of the above']",70a9648b-313e-44fb-a557-d2b7c7307216,not chronic heart failure,1,"{'pred': [0], 'probs': [[0.38188105821609497, 0.2922404408454895, 0.3258785009384155]], 'pred_prompt': ['H&E stained light micrograph of human cardiac tissue. Based on the image, what is the most likely clinical chronic heart diagnosis? chronic heart failure']}",2.0,,,,,
classification,"['H&E stained light micrograph of human cardiac tissue. Based on the image, what is the most likely clinical chronic heart diagnosis? not chronic heart failure', 'H&E stained light micrograph of human cardiac tissue. Based on the image, what is the most likely clinical chronic heart diagnosis? chronic heart failure', 'H&E stained light micrograph of human cardiac tissue. Based on the image, what is the most likely clinical chronic heart diagnosis? none of the above']",d52e9484-2488-44c0-b948-f859c2c4a5ec,not chronic heart failure,0,"{'pred': [1], 'probs': [[0.33827638626098633, 0.38107502460479736, 0.2806485891342163]], 'pred_prompt': ['H&E stained light micrograph of human cardiac tissue. Based on the image, what is the most likely clinical chronic heart diagnosis? chronic heart failure']}",2.0,,,,,
classification,"['H&E stained light micrograph of human cardiac tissue. Based on the image, what is the most likely clinical chronic heart diagnosis? chronic heart failure', 'H&E stained light micrograph of human cardiac tissue. Based on the image, what is the most likely clinical chronic heart diagnosis? not chronic heart failure', 'H&E stained light micrograph of human cardiac tissue. Based on the image, what is the most likely clinical chronic heart diagnosis? none of the above']",0de6fa40-138e-4ad2-99da-8149f964eeaf,chronic heart failure,0,"{'pred': [2], 'probs': [[0.3263913094997406, 0.32824423909187317, 0.3453644812107086]], 'pred_prompt': ['H&E stained light micrograph of human cardiac tissue. Based on the image, what is the most likely clinical chronic heart diagnosis? none of the above']}",2.0,,,,,
classification,"['H&E stained light micrograph of human cardiac tissue. Based on the image, what is the most likely clinical chronic heart diagnosis? chronic heart failure', 'H&E stained light micrograph of human cardiac tissue. Based on the image, what is the most likely clinical chronic heart diagnosis? not chronic heart failure', 'H&E stained light micrograph of human cardiac tissue. Based on the image, what is the most likely clinical chronic heart diagnosis? none of the above']",f6bb207f-157b-476a-8298-675af8b71742,not chronic heart failure,1,"{'pred': [1], 'probs': [[0.36033281683921814, 0.37802478671073914, 0.2616424262523651]], 'pred_prompt': ['H&E stained light micrograph of human cardiac tissue. Based on the image, what is the most likely clinical chronic heart diagnosis? not chronic heart failure']}",2.0,,,,,
classification,"['H&E stained light micrograph of human cardiac tissue. Based on the image, what is the most likely clinical chronic heart diagnosis? chronic heart failure', 'H&E stained light micrograph of human cardiac tissue. Based on the image, what is the most likely clinical chronic heart diagnosis? not chronic heart failure', 'H&E stained light micrograph of human cardiac tissue. Based on the image, what is the most likely clinical chronic heart diagnosis? none of the above']",ce413b9a-9f8c-4ea7-87d2-f9b01b881b27,not chronic heart failure,1,"{'pred': [2], 'probs': [[0.3427872955799103, 0.3124687969684601, 0.34474384784698486]], 'pred_prompt': ['H&E stained light micrograph of human cardiac tissue. Based on the image, what is the most likely clinical chronic heart diagnosis? none of the above']}",2.0,,,,,
classification,"['H&E stained light micrograph of human cardiac tissue. Based on the image, what is the most likely clinical chronic heart diagnosis? chronic heart failure', 'H&E stained light micrograph of human cardiac tissue. Based on the image, what is the most likely clinical chronic heart diagnosis? not chronic heart failure', 'H&E stained light micrograph of human cardiac tissue. Based on the image, what is the most likely clinical chronic heart diagnosis? none of the above']",33e54791-5a2d-47ea-8742-69810d307fb6,chronic heart failure,0,"{'pred': [2], 'probs': [[0.28700172901153564, 0.23506124317646027, 0.4779370129108429]], 'pred_prompt': ['H&E stained light micrograph of human cardiac tissue. Based on the image, what is the most likely clinical chronic heart diagnosis? none of the above']}",2.0,,,,,
classification,"['H&E stained light micrograph of human cardiac tissue. Based on the image, what is the most likely clinical chronic heart diagnosis? chronic heart failure', 'H&E stained light micrograph of human cardiac tissue. Based on the image, what is the most likely clinical chronic heart diagnosis? not chronic heart failure', 'H&E stained light micrograph of human cardiac tissue. Based on the image, what is the most likely clinical chronic heart diagnosis? none of the above']",af7b023e-3a59-4f2a-a2c1-f728312ea44d,not chronic heart failure,1,"{'pred': [2], 'probs': [[0.2948625981807709, 0.26142618060112, 0.4437113106250763]], 'pred_prompt': ['H&E stained light micrograph of human cardiac tissue. Based on the image, what is the most likely clinical chronic heart diagnosis? none of the above']}",2.0,,,,,
classification,"['H&E stained light micrograph of human cardiac tissue. Based on the image, what is the most likely clinical chronic heart diagnosis? chronic heart failure', 'H&E stained light micrograph of human cardiac tissue. Based on the image, what is the most likely clinical chronic heart diagnosis? not chronic heart failure', 'H&E stained light micrograph of human cardiac tissue. Based on the image, what is the most likely clinical chronic heart diagnosis? none of the above']",e103eb23-af36-4d8c-ac88-3ce02c42b711,chronic heart failure,0,"{'pred': [0], 'probs': [[0.36867034435272217, 0.3257552981376648, 0.30557435750961304]], 'pred_prompt': ['H&E stained light micrograph of human cardiac tissue. Based on the image, what is the most likely clinical chronic heart diagnosis? chronic heart failure']}",2.0,,,,,
classification,"['H&E stained light micrograph of human cardiac tissue. Based on the image, what is the most likely clinical chronic heart diagnosis? not chronic heart failure', 'H&E stained light micrograph of human cardiac tissue. Based on the image, what is the most likely clinical chronic heart diagnosis? chronic heart failure', 'H&E stained light micrograph of human cardiac tissue. Based on the image, what is the most likely clinical chronic heart diagnosis? none of the above']",b906ac56-69e9-4ebb-9a84-15277235c764,chronic heart failure,1,"{'pred': [1], 'probs': [[0.3104165494441986, 0.3728559911251068, 0.3167273998260498]], 'pred_prompt': ['H&E stained light micrograph of human cardiac tissue. Based on the image, what is the most likely clinical chronic heart diagnosis? chronic heart failure']}",2.0,,,,,
classification,"['H&E stained light micrograph of human cardiac tissue. Based on the image, what is the most likely clinical chronic heart diagnosis? chronic heart failure', 'H&E stained light micrograph of human cardiac tissue. Based on the image, what is the most likely clinical chronic heart diagnosis? not chronic heart failure', 'H&E stained light micrograph of human cardiac tissue. Based on the image, what is the most likely clinical chronic heart diagnosis? none of the above']",ae72b4d4-ace3-419f-ba0b-a94e6fce34f2,not chronic heart failure,1,"{'pred': [2], 'probs': [[0.3065592348575592, 0.33255624771118164, 0.36088451743125916]], 'pred_prompt': ['H&E stained light micrograph of human cardiac tissue. Based on the image, what is the most likely clinical chronic heart diagnosis? none of the above']}",2.0,,,,,
classification,"['H&E stained light micrograph of human cardiac tissue. Based on the image, what is the most likely clinical chronic heart diagnosis? chronic heart failure', 'H&E stained light micrograph of human cardiac tissue. Based on the image, what is the most likely clinical chronic heart diagnosis? not chronic heart failure', 'H&E stained light micrograph of human cardiac tissue. Based on the image, what is the most likely clinical chronic heart diagnosis? none of the above']",874379f1-79c6-41c0-a634-77d68a437696,chronic heart failure,0,"{'pred': [0], 'probs': [[0.4423395097255707, 0.3085954785346985, 0.24906502664089203]], 'pred_prompt': ['H&E stained light micrograph of human cardiac tissue. Based on the image, what is the most likely clinical chronic heart diagnosis? chronic heart failure']}",2.0,,,,,
classification,"['H&E stained light micrograph of human cardiac tissue. Based on the image, what is the most likely clinical chronic heart diagnosis? not chronic heart failure', 'H&E stained light micrograph of human cardiac tissue. Based on the image, what is the most likely clinical chronic heart diagnosis? chronic heart failure', 'H&E stained light micrograph of human cardiac tissue. Based on the image, what is the most likely clinical chronic heart diagnosis? none of the above']",887803d6-529b-499a-a5a3-fab0960e683e,chronic heart failure,1,"{'pred': [0], 'probs': [[0.38121625781059265, 0.3654601275920868, 0.25332361459732056]], 'pred_prompt': ['H&E stained light micrograph of human cardiac tissue. Based on the image, what is the most likely clinical chronic heart diagnosis? not chronic heart failure']}",2.0,,,,,
classification,"['H&E stained light micrograph of human cardiac tissue. Based on the image, what is the most likely clinical chronic heart diagnosis? chronic heart failure', 'H&E stained light micrograph of human cardiac tissue. Based on the image, what is the most likely clinical chronic heart diagnosis? not chronic heart failure', 'H&E stained light micrograph of human cardiac tissue. Based on the image, what is the most likely clinical chronic heart diagnosis? none of the above']",aab8b32f-b8dc-48f6-9bc7-1a2c11cf5e5d,chronic heart failure,0,"{'pred': [1], 'probs': [[0.31267520785331726, 0.3528520464897156, 0.33447274565696716]], 'pred_prompt': ['H&E stained light micrograph of human cardiac tissue. Based on the image, what is the most likely clinical chronic heart diagnosis? not chronic heart failure']}",2.0,,,,,
classification,"['H&E stained light micrograph of human cardiac tissue. Based on the image, what is the most likely clinical chronic heart diagnosis? chronic heart failure', 'H&E stained light micrograph of human cardiac tissue. Based on the image, what is the most likely clinical chronic heart diagnosis? not chronic heart failure', 'H&E stained light micrograph of human cardiac tissue. Based on the image, what is the most likely clinical chronic heart diagnosis? none of the above']",21f3a67d-608d-4d64-8cbc-b03d56bf0207,chronic heart failure,0,"{'pred': [0], 'probs': [[0.36902013421058655, 0.32963117957115173, 0.30134862661361694]], 'pred_prompt': ['H&E stained light micrograph of human cardiac tissue. Based on the image, what is the most likely clinical chronic heart diagnosis? chronic heart failure']}",2.0,,,,,
classification,"['H&E stained light micrograph of human cardiac tissue. Based on the image, what is the most likely clinical chronic heart diagnosis? not chronic heart failure', 'H&E stained light micrograph of human cardiac tissue. Based on the image, what is the most likely clinical chronic heart diagnosis? chronic heart failure', 'H&E stained light micrograph of human cardiac tissue. Based on the image, what is the most likely clinical chronic heart diagnosis? none of the above']",7882ac1a-736d-4cd7-a90b-a00c59ac5afc,chronic heart failure,1,"{'pred': [0], 'probs': [[0.35351476073265076, 0.33795595169067383, 0.3085292875766754]], 'pred_prompt': ['H&E stained light micrograph of human cardiac tissue. Based on the image, what is the most likely clinical chronic heart diagnosis? not chronic heart failure']}",2.0,,,,,
classification,"['H&E stained light micrograph of human cardiac tissue. Based on the image, what is the most likely clinical chronic heart diagnosis? chronic heart failure', 'H&E stained light micrograph of human cardiac tissue. Based on the image, what is the most likely clinical chronic heart diagnosis? not chronic heart failure', 'H&E stained light micrograph of human cardiac tissue. Based on the image, what is the most likely clinical chronic heart diagnosis? none of the above']",0a304668-bc79-4428-83e0-bcb09ae55e76,chronic heart failure,0,"{'pred': [2], 'probs': [[0.30389994382858276, 0.31244710087776184, 0.3836529552936554]], 'pred_prompt': ['H&E stained light micrograph of human cardiac tissue. Based on the image, what is the most likely clinical chronic heart diagnosis? none of the above']}",2.0,,,,,
classification,"['H&E stained light micrograph of human cardiac tissue. Based on the image, what is the most likely clinical chronic heart diagnosis? not chronic heart failure', 'H&E stained light micrograph of human cardiac tissue. Based on the image, what is the most likely clinical chronic heart diagnosis? chronic heart failure', 'H&E stained light micrograph of human cardiac tissue. Based on the image, what is the most likely clinical chronic heart diagnosis? none of the above']",fcd8dc7c-5367-44af-91ab-2d449351ad2b,not chronic heart failure,0,"{'pred': [1], 'probs': [[0.34793326258659363, 0.3908577561378479, 0.26120901107788086]], 'pred_prompt': ['H&E stained light micrograph of human cardiac tissue. Based on the image, what is the most likely clinical chronic heart diagnosis? chronic heart failure']}",2.0,,,,,
classification,"['H&E stained light micrograph of human cardiac tissue. Based on the image, what is the most likely clinical chronic heart diagnosis? chronic heart failure', 'H&E stained light micrograph of human cardiac tissue. Based on the image, what is the most likely clinical chronic heart diagnosis? not chronic heart failure', 'H&E stained light micrograph of human cardiac tissue. Based on the image, what is the most likely clinical chronic heart diagnosis? none of the above']",fec1d32a-fefb-4950-9191-cb4e7ab7e4ad,chronic heart failure,0,"{'pred': [2], 'probs': [[0.27293661236763, 0.2916633188724518, 0.4354000985622406]], 'pred_prompt': ['H&E stained light micrograph of human cardiac tissue. Based on the image, what is the most likely clinical chronic heart diagnosis? none of the above']}",2.0,,,,,
classification,"['H&E stained light micrograph of human cardiac tissue. Based on the image, what is the most likely clinical chronic heart diagnosis? not chronic heart failure', 'H&E stained light micrograph of human cardiac tissue. Based on the image, what is the most likely clinical chronic heart diagnosis? chronic heart failure', 'H&E stained light micrograph of human cardiac tissue. Based on the image, what is the most likely clinical chronic heart diagnosis? none of the above']",1830c410-e622-405e-86a9-ea1a5f3dea48,not chronic heart failure,0,"{'pred': [1], 'probs': [[0.3536507189273834, 0.3555661737918854, 0.2907831072807312]], 'pred_prompt': ['H&E stained light micrograph of human cardiac tissue. Based on the image, what is the most likely clinical chronic heart diagnosis? chronic heart failure']}",2.0,,,,,
classification,"['H&E stained light micrograph of human cardiac tissue. Based on the image, what is the most likely clinical chronic heart diagnosis? chronic heart failure', 'H&E stained light micrograph of human cardiac tissue. Based on the image, what is the most likely clinical chronic heart diagnosis? not chronic heart failure', 'H&E stained light micrograph of human cardiac tissue. Based on the image, what is the most likely clinical chronic heart diagnosis? none of the above']",f49602f4-8ee1-4274-8715-d697c9ad7bb4,not chronic heart failure,1,"{'pred': [1], 'probs': [[0.32609784603118896, 0.34922924637794495, 0.3246729075908661]], 'pred_prompt': ['H&E stained light micrograph of human cardiac tissue. Based on the image, what is the most likely clinical chronic heart diagnosis? not chronic heart failure']}",2.0,,,,,
classification,"['H&E stained light micrograph of human cardiac tissue. Based on the image, what is the most likely clinical chronic heart diagnosis? not chronic heart failure', 'H&E stained light micrograph of human cardiac tissue. Based on the image, what is the most likely clinical chronic heart diagnosis? chronic heart failure', 'H&E stained light micrograph of human cardiac tissue. Based on the image, what is the most likely clinical chronic heart diagnosis? none of the above']",a537c7a1-275a-440f-92d1-40269b9eb68e,not chronic heart failure,0,"{'pred': [0], 'probs': [[0.35710451006889343, 0.31342679262161255, 0.32946863770484924]], 'pred_prompt': ['H&E stained light micrograph of human cardiac tissue. Based on the image, what is the most likely clinical chronic heart diagnosis? not chronic heart failure']}",2.0,,,,,
classification,"['H&E stained light micrograph of human cardiac tissue. Based on the image, what is the most likely clinical chronic heart diagnosis? not chronic heart failure', 'H&E stained light micrograph of human cardiac tissue. Based on the image, what is the most likely clinical chronic heart diagnosis? chronic heart failure', 'H&E stained light micrograph of human cardiac tissue. Based on the image, what is the most likely clinical chronic heart diagnosis? none of the above']",88e93f0b-d4eb-4163-8284-e889b5fef439,chronic heart failure,1,"{'pred': [1], 'probs': [[0.2541927099227905, 0.38027915358543396, 0.3655281960964203]], 'pred_prompt': ['H&E stained light micrograph of human cardiac tissue. Based on the image, what is the most likely clinical chronic heart diagnosis? chronic heart failure']}",2.0,,,,,
classification,"['H&E stained light micrograph of human cardiac tissue. Based on the image, what is the most likely clinical chronic heart diagnosis? chronic heart failure', 'H&E stained light micrograph of human cardiac tissue. Based on the image, what is the most likely clinical chronic heart diagnosis? not chronic heart failure', 'H&E stained light micrograph of human cardiac tissue. Based on the image, what is the most likely clinical chronic heart diagnosis? none of the above']",062b1dd5-4a7e-41d0-94cd-ac7b8a2dd02c,chronic heart failure,0,"{'pred': [2], 'probs': [[0.35264158248901367, 0.2587195038795471, 0.3886388838291168]], 'pred_prompt': ['H&E stained light micrograph of human cardiac tissue. Based on the image, what is the most likely clinical chronic heart diagnosis? none of the above']}",2.0,,,,,
classification,"['H&E stained light micrograph of human cardiac tissue. Based on the image, what is the most likely clinical chronic heart diagnosis? not chronic heart failure', 'H&E stained light micrograph of human cardiac tissue. Based on the image, what is the most likely clinical chronic heart diagnosis? chronic heart failure', 'H&E stained light micrograph of human cardiac tissue. Based on the image, what is the most likely clinical chronic heart diagnosis? none of the above']",24a99976-a575-4209-b438-91c6f33da2dc,not chronic heart failure,0,"{'pred': [2], 'probs': [[0.27584582567214966, 0.3297867178916931, 0.39436739683151245]], 'pred_prompt': ['H&E stained light micrograph of human cardiac tissue. Based on the image, what is the most likely clinical chronic heart diagnosis? none of the above']}",2.0,,,,,
classification,"['H&E stained light micrograph of human cardiac tissue. Based on the image, what is the most likely clinical chronic heart diagnosis? chronic heart failure', 'H&E stained light micrograph of human cardiac tissue. Based on the image, what is the most likely clinical chronic heart diagnosis? not chronic heart failure', 'H&E stained light micrograph of human cardiac tissue. Based on the image, what is the most likely clinical chronic heart diagnosis? none of the above']",f57c67d4-8ac4-413a-871c-4053c1b7b772,not chronic heart failure,1,"{'pred': [0], 'probs': [[0.3921166956424713, 0.288986474275589, 0.3188968598842621]], 'pred_prompt': ['H&E stained light micrograph of human cardiac tissue. Based on the image, what is the most likely clinical chronic heart diagnosis? chronic heart failure']}",2.0,,,,,
classification,"['H&E stained light micrograph of human cardiac tissue. Based on the image, what is the most likely clinical chronic heart diagnosis? chronic heart failure', 'H&E stained light micrograph of human cardiac tissue. Based on the image, what is the most likely clinical chronic heart diagnosis? not chronic heart failure', 'H&E stained light micrograph of human cardiac tissue. Based on the image, what is the most likely clinical chronic heart diagnosis? none of the above']",e4f35610-9f54-4265-9f5e-9c4daebce308,not chronic heart failure,1,"{'pred': [0], 'probs': [[0.37645456194877625, 0.323726624250412, 0.2998187839984894]], 'pred_prompt': ['H&E stained light micrograph of human cardiac tissue. Based on the image, what is the most likely clinical chronic heart diagnosis? chronic heart failure']}",2.0,,,,,
classification,"['H&E stained light micrograph of human cardiac tissue. Based on the image, what is the most likely clinical chronic heart diagnosis? not chronic heart failure', 'H&E stained light micrograph of human cardiac tissue. Based on the image, what is the most likely clinical chronic heart diagnosis? chronic heart failure', 'H&E stained light micrograph of human cardiac tissue. Based on the image, what is the most likely clinical chronic heart diagnosis? none of the above']",fd888486-565e-4fa0-b4fd-71767489c2a8,chronic heart failure,1,"{'pred': [2], 'probs': [[0.24296975135803223, 0.3337589204311371, 0.42327138781547546]], 'pred_prompt': ['H&E stained light micrograph of human cardiac tissue. Based on the image, what is the most likely clinical chronic heart diagnosis? none of the above']}",2.0,,,,,
classification,"['H&E stained light micrograph of human cardiac tissue. Based on the image, what is the most likely clinical chronic heart diagnosis? not chronic heart failure', 'H&E stained light micrograph of human cardiac tissue. Based on the image, what is the most likely clinical chronic heart diagnosis? chronic heart failure', 'H&E stained light micrograph of human cardiac tissue. Based on the image, what is the most likely clinical chronic heart diagnosis? none of the above']",b69b9639-3947-453b-9684-db8d839f1ebc,chronic heart failure,1,"{'pred': [1], 'probs': [[0.37683337926864624, 0.37727925181388855, 0.2458873838186264]], 'pred_prompt': ['H&E stained light micrograph of human cardiac tissue. Based on the image, what is the most likely clinical chronic heart diagnosis? chronic heart failure']}",2.0,,,,,
classification,"['H&E stained light micrograph of human cardiac tissue. Based on the image, what is the most likely clinical chronic heart diagnosis? not chronic heart failure', 'H&E stained light micrograph of human cardiac tissue. Based on the image, what is the most likely clinical chronic heart diagnosis? chronic heart failure', 'H&E stained light micrograph of human cardiac tissue. Based on the image, what is the most likely clinical chronic heart diagnosis? none of the above']",f5272fa8-39a8-4663-9601-f35cc0f9503b,not chronic heart failure,0,"{'pred': [1], 'probs': [[0.30124107003211975, 0.38299837708473206, 0.3157605528831482]], 'pred_prompt': ['H&E stained light micrograph of human cardiac tissue. Based on the image, what is the most likely clinical chronic heart diagnosis? chronic heart failure']}",2.0,,,,,
classification,"['H&E stained light micrograph of human cardiac tissue. Based on the image, what is the most likely clinical chronic heart diagnosis? chronic heart failure', 'H&E stained light micrograph of human cardiac tissue. Based on the image, what is the most likely clinical chronic heart diagnosis? not chronic heart failure', 'H&E stained light micrograph of human cardiac tissue. Based on the image, what is the most likely clinical chronic heart diagnosis? none of the above']",f1613597-7edb-4206-b240-514e80084e3e,chronic heart failure,0,"{'pred': [0], 'probs': [[0.43363291025161743, 0.328715980052948, 0.23765112459659576]], 'pred_prompt': ['H&E stained light micrograph of human cardiac tissue. Based on the image, what is the most likely clinical chronic heart diagnosis? chronic heart failure']}",2.0,,,,,
classification,"['H&E stained light micrograph of human cardiac tissue. Based on the image, what is the most likely clinical chronic heart diagnosis? not chronic heart failure', 'H&E stained light micrograph of human cardiac tissue. Based on the image, what is the most likely clinical chronic heart diagnosis? chronic heart failure', 'H&E stained light micrograph of human cardiac tissue. Based on the image, what is the most likely clinical chronic heart diagnosis? none of the above']",a332330b-b9fb-4c99-a101-b8b9561526d7,chronic heart failure,1,"{'pred': [2], 'probs': [[0.3437359929084778, 0.3053416609764099, 0.35092228651046753]], 'pred_prompt': ['H&E stained light micrograph of human cardiac tissue. Based on the image, what is the most likely clinical chronic heart diagnosis? none of the above']}",2.0,,,,,
classification,"['H&E stained light micrograph of human cardiac tissue. Based on the image, what is the most likely clinical chronic heart diagnosis? not chronic heart failure', 'H&E stained light micrograph of human cardiac tissue. Based on the image, what is the most likely clinical chronic heart diagnosis? chronic heart failure', 'H&E stained light micrograph of human cardiac tissue. Based on the image, what is the most likely clinical chronic heart diagnosis? none of the above']",71b36826-4dbd-418b-a844-c6a74424be89,chronic heart failure,1,"{'pred': [2], 'probs': [[0.3144151270389557, 0.33545368909835815, 0.3501311242580414]], 'pred_prompt': ['H&E stained light micrograph of human cardiac tissue. Based on the image, what is the most likely clinical chronic heart diagnosis? none of the above']}",2.0,,,,,
classification,"['H&E stained light micrograph of human cardiac tissue. Based on the image, what is the most likely clinical chronic heart diagnosis? not chronic heart failure', 'H&E stained light micrograph of human cardiac tissue. Based on the image, what is the most likely clinical chronic heart diagnosis? chronic heart failure', 'H&E stained light micrograph of human cardiac tissue. Based on the image, what is the most likely clinical chronic heart diagnosis? none of the above']",b6444e6e-454a-45d7-8d32-458c1ec61ea1,chronic heart failure,1,"{'pred': [2], 'probs': [[0.3019803762435913, 0.34600830078125, 0.3520112931728363]], 'pred_prompt': ['H&E stained light micrograph of human cardiac tissue. Based on the image, what is the most likely clinical chronic heart diagnosis? none of the above']}",2.0,,,,,
classification,"['H&E stained light micrograph of human cardiac tissue. Based on the image, what is the most likely clinical chronic heart diagnosis? not chronic heart failure', 'H&E stained light micrograph of human cardiac tissue. Based on the image, what is the most likely clinical chronic heart diagnosis? chronic heart failure', 'H&E stained light micrograph of human cardiac tissue. Based on the image, what is the most likely clinical chronic heart diagnosis? none of the above']",4d331cb7-7ae5-4825-9a54-dca7e561d1f1,not chronic heart failure,0,"{'pred': [1], 'probs': [[0.3211107850074768, 0.3825654983520508, 0.2963237464427948]], 'pred_prompt': ['H&E stained light micrograph of human cardiac tissue. Based on the image, what is the most likely clinical chronic heart diagnosis? chronic heart failure']}",2.0,,,,,
classification,"['H&E stained light micrograph of human cardiac tissue. Based on the image, what is the most likely clinical chronic heart diagnosis? not chronic heart failure', 'H&E stained light micrograph of human cardiac tissue. Based on the image, what is the most likely clinical chronic heart diagnosis? chronic heart failure', 'H&E stained light micrograph of human cardiac tissue. Based on the image, what is the most likely clinical chronic heart diagnosis? none of the above']",2895b12b-e3b4-4b4d-9e58-0554f75068f7,not chronic heart failure,0,"{'pred': [1], 'probs': [[0.3257688283920288, 0.37837013602256775, 0.29586100578308105]], 'pred_prompt': ['H&E stained light micrograph of human cardiac tissue. Based on the image, what is the most likely clinical chronic heart diagnosis? chronic heart failure']}",2.0,,,,,
classification,"['H&E stained light micrograph of human cardiac tissue. Based on the image, what is the most likely clinical chronic heart diagnosis? chronic heart failure', 'H&E stained light micrograph of human cardiac tissue. Based on the image, what is the most likely clinical chronic heart diagnosis? not chronic heart failure', 'H&E stained light micrograph of human cardiac tissue. Based on the image, what is the most likely clinical chronic heart diagnosis? none of the above']",9a98d308-b93f-4f67-bf71-6d070ec9506a,chronic heart failure,0,"{'pred': [2], 'probs': [[0.28404781222343445, 0.2520444095134735, 0.4639078378677368]], 'pred_prompt': ['H&E stained light micrograph of human cardiac tissue. Based on the image, what is the most likely clinical chronic heart diagnosis? none of the above']}",2.0,,,,,
classification,"['H&E stained light micrograph of human cardiac tissue. Based on the image, what is the most likely clinical chronic heart diagnosis? not chronic heart failure', 'H&E stained light micrograph of human cardiac tissue. Based on the image, what is the most likely clinical chronic heart diagnosis? chronic heart failure', 'H&E stained light micrograph of human cardiac tissue. Based on the image, what is the most likely clinical chronic heart diagnosis? none of the above']",b6ec4531-29b7-4721-9478-12776fe4039f,chronic heart failure,1,"{'pred': [1], 'probs': [[0.3244095742702484, 0.38178884983062744, 0.2938016355037689]], 'pred_prompt': ['H&E stained light micrograph of human cardiac tissue. Based on the image, what is the most likely clinical chronic heart diagnosis? chronic heart failure']}",2.0,,,,,
classification,"['H&E stained light micrograph of human cardiac tissue. Based on the image, what is the most likely clinical chronic heart diagnosis? not chronic heart failure', 'H&E stained light micrograph of human cardiac tissue. Based on the image, what is the most likely clinical chronic heart diagnosis? chronic heart failure', 'H&E stained light micrograph of human cardiac tissue. Based on the image, what is the most likely clinical chronic heart diagnosis? none of the above']",9e06eb11-b8ff-4bb4-813b-6d59a279b19d,chronic heart failure,1,"{'pred': [1], 'probs': [[0.33286619186401367, 0.38356825709342957, 0.2835655212402344]], 'pred_prompt': ['H&E stained light micrograph of human cardiac tissue. Based on the image, what is the most likely clinical chronic heart diagnosis? chronic heart failure']}",2.0,,,,,
classification,"['H&E stained light micrograph of human cardiac tissue. Based on the image, what is the most likely clinical chronic heart diagnosis? not chronic heart failure', 'H&E stained light micrograph of human cardiac tissue. Based on the image, what is the most likely clinical chronic heart diagnosis? chronic heart failure', 'H&E stained light micrograph of human cardiac tissue. Based on the image, what is the most likely clinical chronic heart diagnosis? none of the above']",51aeb816-0f1f-49a9-8c45-832fc5742914,chronic heart failure,1,"{'pred': [1], 'probs': [[0.27623921632766724, 0.37980759143829346, 0.3439531624317169]], 'pred_prompt': ['H&E stained light micrograph of human cardiac tissue. Based on the image, what is the most likely clinical chronic heart diagnosis? chronic heart failure']}",2.0,,,,,
classification,"['H&E stained light micrograph of human cardiac tissue. Based on the image, what is the most likely clinical chronic heart diagnosis? not chronic heart failure', 'H&E stained light micrograph of human cardiac tissue. Based on the image, what is the most likely clinical chronic heart diagnosis? chronic heart failure', 'H&E stained light micrograph of human cardiac tissue. Based on the image, what is the most likely clinical chronic heart diagnosis? none of the above']",6279768b-b73e-4722-b494-76da7276c273,chronic heart failure,1,"{'pred': [1], 'probs': [[0.3031066656112671, 0.41422024369239807, 0.2826731204986572]], 'pred_prompt': ['H&E stained light micrograph of human cardiac tissue. Based on the image, what is the most likely clinical chronic heart diagnosis? chronic heart failure']}",2.0,,,,,
classification,"['H&E stained light micrograph of human cardiac tissue. Based on the image, what is the most likely clinical chronic heart diagnosis? chronic heart failure', 'H&E stained light micrograph of human cardiac tissue. Based on the image, what is the most likely clinical chronic heart diagnosis? not chronic heart failure', 'H&E stained light micrograph of human cardiac tissue. Based on the image, what is the most likely clinical chronic heart diagnosis? none of the above']",9623a6cc-8d4b-4d2f-9032-7b053131139d,not chronic heart failure,1,"{'pred': [2], 'probs': [[0.3562275767326355, 0.2833017110824585, 0.36047065258026123]], 'pred_prompt': ['H&E stained light micrograph of human cardiac tissue. Based on the image, what is the most likely clinical chronic heart diagnosis? none of the above']}",2.0,,,,,
classification,"['H&E stained light micrograph of human cardiac tissue. Based on the image, what is the most likely clinical chronic heart diagnosis? not chronic heart failure', 'H&E stained light micrograph of human cardiac tissue. Based on the image, what is the most likely clinical chronic heart diagnosis? chronic heart failure', 'H&E stained light micrograph of human cardiac tissue. Based on the image, what is the most likely clinical chronic heart diagnosis? none of the above']",9679ddf5-f986-4c58-a00b-049a98b5293a,chronic heart failure,1,"{'pred': [1], 'probs': [[0.2690497040748596, 0.4482983350753784, 0.28265196084976196]], 'pred_prompt': ['H&E stained light micrograph of human cardiac tissue. Based on the image, what is the most likely clinical chronic heart diagnosis? chronic heart failure']}",2.0,,,,,
classification,"['H&E stained light micrograph of human cardiac tissue. Based on the image, what is the most likely clinical chronic heart diagnosis? not chronic heart failure', 'H&E stained light micrograph of human cardiac tissue. Based on the image, what is the most likely clinical chronic heart diagnosis? chronic heart failure', 'H&E stained light micrograph of human cardiac tissue. Based on the image, what is the most likely clinical chronic heart diagnosis? none of the above']",f9469031-bdae-4011-ab7a-3f30e43b9331,not chronic heart failure,0,"{'pred': [1], 'probs': [[0.33188945055007935, 0.40360116958618164, 0.2645094394683838]], 'pred_prompt': ['H&E stained light micrograph of human cardiac tissue. Based on the image, what is the most likely clinical chronic heart diagnosis? chronic heart failure']}",2.0,,,,,
classification,"['H&E stained light micrograph of human cardiac tissue. Based on the image, what is the most likely clinical chronic heart diagnosis? not chronic heart failure', 'H&E stained light micrograph of human cardiac tissue. Based on the image, what is the most likely clinical chronic heart diagnosis? chronic heart failure', 'H&E stained light micrograph of human cardiac tissue. Based on the image, what is the most likely clinical chronic heart diagnosis? none of the above']",b65fb050-c340-419e-bde9-485f6f6c7920,not chronic heart failure,0,"{'pred': [1], 'probs': [[0.3652673661708832, 0.3974283039569855, 0.23730438947677612]], 'pred_prompt': ['H&E stained light micrograph of human cardiac tissue. Based on the image, what is the most likely clinical chronic heart diagnosis? chronic heart failure']}",2.0,,,,,
classification,"['H&E stained light micrograph of human cardiac tissue. Based on the image, what is the most likely clinical chronic heart diagnosis? not chronic heart failure', 'H&E stained light micrograph of human cardiac tissue. Based on the image, what is the most likely clinical chronic heart diagnosis? chronic heart failure', 'H&E stained light micrograph of human cardiac tissue. Based on the image, what is the most likely clinical chronic heart diagnosis? none of the above']",1e959b68-5ae0-45fa-8593-0ecd17c3c572,not chronic heart failure,0,"{'pred': [1], 'probs': [[0.3018490970134735, 0.367609441280365, 0.3305414915084839]], 'pred_prompt': ['H&E stained light micrograph of human cardiac tissue. Based on the image, what is the most likely clinical chronic heart diagnosis? chronic heart failure']}",2.0,,,,,
classification,"['H&E stained light micrograph of human cardiac tissue. Based on the image, what is the most likely clinical chronic heart diagnosis? not chronic heart failure', 'H&E stained light micrograph of human cardiac tissue. Based on the image, what is the most likely clinical chronic heart diagnosis? chronic heart failure', 'H&E stained light micrograph of human cardiac tissue. Based on the image, what is the most likely clinical chronic heart diagnosis? none of the above']",0809836f-af3b-4ce8-932f-8e0792c1b944,chronic heart failure,1,"{'pred': [1], 'probs': [[0.2996205985546112, 0.3837442994117737, 0.3166351020336151]], 'pred_prompt': ['H&E stained light micrograph of human cardiac tissue. Based on the image, what is the most likely clinical chronic heart diagnosis? chronic heart failure']}",2.0,,,,,
classification,"['H&E stained light micrograph of human cardiac tissue. Based on the image, what is the most likely clinical chronic heart diagnosis? not chronic heart failure', 'H&E stained light micrograph of human cardiac tissue. Based on the image, what is the most likely clinical chronic heart diagnosis? chronic heart failure', 'H&E stained light micrograph of human cardiac tissue. Based on the image, what is the most likely clinical chronic heart diagnosis? none of the above']",85f0e425-8bb8-4417-b8c5-e313a918f0c8,chronic heart failure,1,"{'pred': [1], 'probs': [[0.2978896498680115, 0.41415032744407654, 0.28796008229255676]], 'pred_prompt': ['H&E stained light micrograph of human cardiac tissue. Based on the image, what is the most likely clinical chronic heart diagnosis? chronic heart failure']}",2.0,,,,,
