question_type,questions,image_id,correct_answer,correct_idx,model_answers,microns_per_pixel,domain,subdomain,modality,submodality,normal_or_abnormal
classification,"['H&E stained light micrograph of human cardiac tissue. Based on the image, what is the most likely clinical chronic heart diagnosis? chronic heart failure', 'H&E stained light micrograph of human cardiac tissue. Based on the image, what is the most likely clinical chronic heart diagnosis? not chronic heart failure', 'H&E stained light micrograph of human cardiac tissue. Based on the image, what is the most likely clinical chronic heart diagnosis? none of the above']",9b06ab63-3f62-4242-900c-72c4804e418d,not chronic heart failure,1,"{'pred': [1], 'probs': [[0.3776686191558838, 0.6121450662612915, 0.010186274535953999]], 'pred_prompt': ['H&E stained light micrograph of human cardiac tissue. Based on the image, what is the most likely clinical chronic heart diagnosis? not chronic heart failure']}",2.0,,,,,
classification,"['H&E stained light micrograph of human cardiac tissue. Based on the image, what is the most likely clinical chronic heart diagnosis? not chronic heart failure', 'H&E stained light micrograph of human cardiac tissue. Based on the image, what is the most likely clinical chronic heart diagnosis? chronic heart failure', 'H&E stained light micrograph of human cardiac tissue. Based on the image, what is the most likely clinical chronic heart diagnosis? none of the above']",adecede6-3a64-4634-be1a-20364b632c3e,chronic heart failure,1,"{'pred': [1], 'probs': [[0.40606188774108887, 0.5800105333328247, 0.013927522115409374]], 'pred_prompt': ['H&E stained light micrograph of human cardiac tissue. Based on the image, what is the most likely clinical chronic heart diagnosis? chronic heart failure']}",2.0,,,,,
classification,"['H&E stained light micrograph of human cardiac tissue. Based on the image, what is the most likely clinical chronic heart diagnosis? not chronic heart failure', 'H&E stained light micrograph of human cardiac tissue. Based on the image, what is the most likely clinical chronic heart diagnosis? chronic heart failure', 'H&E stained light micrograph of human cardiac tissue. Based on the image, what is the most likely clinical chronic heart diagnosis? none of the above']",a872b7ee-869d-457c-85dd-2ef7140aedf7,chronic heart failure,1,"{'pred': [0], 'probs': [[0.5741538405418396, 0.4137353003025055, 0.012110902927815914]], 'pred_prompt': ['H&E stained light micrograph of human cardiac tissue. Based on the image, what is the most likely clinical chronic heart diagnosis? not chronic heart failure']}",2.0,,,,,
classification,"['H&E stained light micrograph of human cardiac tissue. Based on the image, what is the most likely clinical chronic heart diagnosis? not chronic heart failure', 'H&E stained light micrograph of human cardiac tissue. Based on the image, what is the most likely clinical chronic heart diagnosis? chronic heart failure', 'H&E stained light micrograph of human cardiac tissue. Based on the image, what is the most likely clinical chronic heart diagnosis? none of the above']",7f2fe92e-c613-40b5-9b63-e62cb043eb75,not chronic heart failure,0,"{'pred': [0], 'probs': [[0.5015695095062256, 0.49199026823043823, 0.006440200377255678]], 'pred_prompt': ['H&E stained light micrograph of human cardiac tissue. Based on the image, what is the most likely clinical chronic heart diagnosis? not chronic heart failure']}",2.0,,,,,
classification,"['H&E stained light micrograph of human cardiac tissue. Based on the image, what is the most likely clinical chronic heart diagnosis? not chronic heart failure', 'H&E stained light micrograph of human cardiac tissue. Based on the image, what is the most likely clinical chronic heart diagnosis? chronic heart failure', 'H&E stained light micrograph of human cardiac tissue. Based on the image, what is the most likely clinical chronic heart diagnosis? none of the above']",cd89bd58-5c04-4fbd-a525-46323dc83fad,chronic heart failure,1,"{'pred': [1], 'probs': [[0.4266626536846161, 0.5674787163734436, 0.005858604796230793]], 'pred_prompt': ['H&E stained light micrograph of human cardiac tissue. Based on the image, what is the most likely clinical chronic heart diagnosis? chronic heart failure']}",2.0,,,,,
classification,"['H&E stained light micrograph of human cardiac tissue. Based on the image, what is the most likely clinical chronic heart diagnosis? chronic heart failure', 'H&E stained light micrograph of human cardiac tissue. Based on the image, what is the most likely clinical chronic heart diagnosis? not chronic heart failure', 'H&E stained light micrograph of human cardiac tissue. Based on the image, what is the most likely clinical chronic heart diagnosis? none of the above']",593e3c11-705e-405d-baa4-df5a4d035eaa,not chronic heart failure,1,"{'pred': [1], 'probs': [[0.4265132248401642, 0.5648528933525085, 0.008633891120553017]], 'pred_prompt': ['H&E stained light micrograph of human cardiac tissue. Based on the image, what is the most likely clinical chronic heart diagnosis? not chronic heart failure']}",2.0,,,,,
classification,"['H&E stained light micrograph of human cardiac tissue. Based on the image, what is the most likely clinical chronic heart diagnosis? not chronic heart failure', 'H&E stained light micrograph of human cardiac tissue. Based on the image, what is the most likely clinical chronic heart diagnosis? chronic heart failure', 'H&E stained light micrograph of human cardiac tissue. Based on the image, what is the most likely clinical chronic heart diagnosis? none of the above']",a080c11f-78c5-47e3-a845-52854dcf4a2d,not chronic heart failure,0,"{'pred': [1], 'probs': [[0.4418778419494629, 0.5487461090087891, 0.009376087225973606]], 'pred_prompt': ['H&E stained light micrograph of human cardiac tissue. Based on the image, what is the most likely clinical chronic heart diagnosis? chronic heart failure']}",2.0,,,,,
classification,"['H&E stained light micrograph of human cardiac tissue. Based on the image, what is the most likely clinical chronic heart diagnosis? not chronic heart failure', 'H&E stained light micrograph of human cardiac tissue. Based on the image, what is the most likely clinical chronic heart diagnosis? chronic heart failure', 'H&E stained light micrograph of human cardiac tissue. Based on the image, what is the most likely clinical chronic heart diagnosis? none of the above']",f2cf31dd-814d-463f-8daa-7470de74f696,not chronic heart failure,0,"{'pred': [1], 'probs': [[0.4854736030101776, 0.5081260800361633, 0.006400269456207752]], 'pred_prompt': ['H&E stained light micrograph of human cardiac tissue. Based on the image, what is the most likely clinical chronic heart diagnosis? chronic heart failure']}",2.0,,,,,
classification,"['H&E stained light micrograph of human cardiac tissue. Based on the image, what is the most likely clinical chronic heart diagnosis? not chronic heart failure', 'H&E stained light micrograph of human cardiac tissue. Based on the image, what is the most likely clinical chronic heart diagnosis? chronic heart failure', 'H&E stained light micrograph of human cardiac tissue. Based on the image, what is the most likely clinical chronic heart diagnosis? none of the above']",3fe77790-d999-42b7-968d-000bbc35ef0a,chronic heart failure,1,"{'pred': [1], 'probs': [[0.4346034824848175, 0.5571910738945007, 0.008205454796552658]], 'pred_prompt': ['H&E stained light micrograph of human cardiac tissue. Based on the image, what is the most likely clinical chronic heart diagnosis? chronic heart failure']}",2.0,,,,,
classification,"['H&E stained light micrograph of human cardiac tissue. Based on the image, what is the most likely clinical chronic heart diagnosis? not chronic heart failure', 'H&E stained light micrograph of human cardiac tissue. Based on the image, what is the most likely clinical chronic heart diagnosis? chronic heart failure', 'H&E stained light micrograph of human cardiac tissue. Based on the image, what is the most likely clinical chronic heart diagnosis? none of the above']",789e0321-0542-416f-a916-c5fcacd42a93,chronic heart failure,1,"{'pred': [1], 'probs': [[0.37931206822395325, 0.5875056385993958, 0.03318224847316742]], 'pred_prompt': ['H&E stained light micrograph of human cardiac tissue. Based on the image, what is the most likely clinical chronic heart diagnosis? chronic heart failure']}",2.0,,,,,
classification,"['H&E stained light micrograph of human cardiac tissue. Based on the image, what is the most likely clinical chronic heart diagnosis? chronic heart failure', 'H&E stained light micrograph of human cardiac tissue. Based on the image, what is the most likely clinical chronic heart diagnosis? not chronic heart failure', 'H&E stained light micrograph of human cardiac tissue. Based on the image, what is the most likely clinical chronic heart diagnosis? none of the above']",109ef31c-7144-4046-b861-0bd10b7dedaf,not chronic heart failure,1,"{'pred': [1], 'probs': [[0.48550698161125183, 0.5025799870491028, 0.011913067661225796]], 'pred_prompt': ['H&E stained light micrograph of human cardiac tissue. Based on the image, what is the most likely clinical chronic heart diagnosis? not chronic heart failure']}",2.0,,,,,
classification,"['H&E stained light micrograph of human cardiac tissue. Based on the image, what is the most likely clinical chronic heart diagnosis? not chronic heart failure', 'H&E stained light micrograph of human cardiac tissue. Based on the image, what is the most likely clinical chronic heart diagnosis? chronic heart failure', 'H&E stained light micrograph of human cardiac tissue. Based on the image, what is the most likely clinical chronic heart diagnosis? none of the above']",b6fca0bb-f16e-46ff-88e0-3330ea3bcb06,not chronic heart failure,0,"{'pred': [0], 'probs': [[0.512873649597168, 0.47502774000167847, 0.012098545208573341]], 'pred_prompt': ['H&E stained light micrograph of human cardiac tissue. Based on the image, what is the most likely clinical chronic heart diagnosis? not chronic heart failure']}",2.0,,,,,
classification,"['H&E stained light micrograph of human cardiac tissue. Based on the image, what is the most likely clinical chronic heart diagnosis? not chronic heart failure', 'H&E stained light micrograph of human cardiac tissue. Based on the image, what is the most likely clinical chronic heart diagnosis? chronic heart failure', 'H&E stained light micrograph of human cardiac tissue. Based on the image, what is the most likely clinical chronic heart diagnosis? none of the above']",6c8e61e3-8d48-4754-9673-d17a2b244192,not chronic heart failure,0,"{'pred': [1], 'probs': [[0.45329517126083374, 0.5354607105255127, 0.011244131252169609]], 'pred_prompt': ['H&E stained light micrograph of human cardiac tissue. Based on the image, what is the most likely clinical chronic heart diagnosis? chronic heart failure']}",2.0,,,,,
classification,"['H&E stained light micrograph of human cardiac tissue. Based on the image, what is the most likely clinical chronic heart diagnosis? chronic heart failure', 'H&E stained light micrograph of human cardiac tissue. Based on the image, what is the most likely clinical chronic heart diagnosis? not chronic heart failure', 'H&E stained light micrograph of human cardiac tissue. Based on the image, what is the most likely clinical chronic heart diagnosis? none of the above']",70a9648b-313e-44fb-a557-d2b7c7307216,not chronic heart failure,1,"{'pred': [0], 'probs': [[0.5373898148536682, 0.4543837010860443, 0.008226467296481133]], 'pred_prompt': ['H&E stained light micrograph of human cardiac tissue. Based on the image, what is the most likely clinical chronic heart diagnosis? chronic heart failure']}",2.0,,,,,
classification,"['H&E stained light micrograph of human cardiac tissue. Based on the image, what is the most likely clinical chronic heart diagnosis? not chronic heart failure', 'H&E stained light micrograph of human cardiac tissue. Based on the image, what is the most likely clinical chronic heart diagnosis? chronic heart failure', 'H&E stained light micrograph of human cardiac tissue. Based on the image, what is the most likely clinical chronic heart diagnosis? none of the above']",d52e9484-2488-44c0-b948-f859c2c4a5ec,not chronic heart failure,0,"{'pred': [0], 'probs': [[0.5562654137611389, 0.43476784229278564, 0.008966702967882156]], 'pred_prompt': ['H&E stained light micrograph of human cardiac tissue. Based on the image, what is the most likely clinical chronic heart diagnosis? not chronic heart failure']}",2.0,,,,,
classification,"['H&E stained light micrograph of human cardiac tissue. Based on the image, what is the most likely clinical chronic heart diagnosis? chronic heart failure', 'H&E stained light micrograph of human cardiac tissue. Based on the image, what is the most likely clinical chronic heart diagnosis? not chronic heart failure', 'H&E stained light micrograph of human cardiac tissue. Based on the image, what is the most likely clinical chronic heart diagnosis? none of the above']",0de6fa40-138e-4ad2-99da-8149f964eeaf,chronic heart failure,0,"{'pred': [1], 'probs': [[0.48847490549087524, 0.5055288076400757, 0.005996271036565304]], 'pred_prompt': ['H&E stained light micrograph of human cardiac tissue. Based on the image, what is the most likely clinical chronic heart diagnosis? not chronic heart failure']}",2.0,,,,,
classification,"['H&E stained light micrograph of human cardiac tissue. Based on the image, what is the most likely clinical chronic heart diagnosis? chronic heart failure', 'H&E stained light micrograph of human cardiac tissue. Based on the image, what is the most likely clinical chronic heart diagnosis? not chronic heart failure', 'H&E stained light micrograph of human cardiac tissue. Based on the image, what is the most likely clinical chronic heart diagnosis? none of the above']",f6bb207f-157b-476a-8298-675af8b71742,not chronic heart failure,1,"{'pred': [0], 'probs': [[0.5667538046836853, 0.4263208210468292, 0.006925435271114111]], 'pred_prompt': ['H&E stained light micrograph of human cardiac tissue. Based on the image, what is the most likely clinical chronic heart diagnosis? chronic heart failure']}",2.0,,,,,
classification,"['H&E stained light micrograph of human cardiac tissue. Based on the image, what is the most likely clinical chronic heart diagnosis? chronic heart failure', 'H&E stained light micrograph of human cardiac tissue. Based on the image, what is the most likely clinical chronic heart diagnosis? not chronic heart failure', 'H&E stained light micrograph of human cardiac tissue. Based on the image, what is the most likely clinical chronic heart diagnosis? none of the above']",ce413b9a-9f8c-4ea7-87d2-f9b01b881b27,not chronic heart failure,1,"{'pred': [1], 'probs': [[0.4181904196739197, 0.5752296447753906, 0.0065799313597381115]], 'pred_prompt': ['H&E stained light micrograph of human cardiac tissue. Based on the image, what is the most likely clinical chronic heart diagnosis? not chronic heart failure']}",2.0,,,,,
classification,"['H&E stained light micrograph of human cardiac tissue. Based on the image, what is the most likely clinical chronic heart diagnosis? chronic heart failure', 'H&E stained light micrograph of human cardiac tissue. Based on the image, what is the most likely clinical chronic heart diagnosis? not chronic heart failure', 'H&E stained light micrograph of human cardiac tissue. Based on the image, what is the most likely clinical chronic heart diagnosis? none of the above']",33e54791-5a2d-47ea-8742-69810d307fb6,chronic heart failure,0,"{'pred': [0], 'probs': [[0.49976634979248047, 0.46073663234710693, 0.03949706628918648]], 'pred_prompt': ['H&E stained light micrograph of human cardiac tissue. Based on the image, what is the most likely clinical chronic heart diagnosis? chronic heart failure']}",2.0,,,,,
classification,"['H&E stained light micrograph of human cardiac tissue. Based on the image, what is the most likely clinical chronic heart diagnosis? chronic heart failure', 'H&E stained light micrograph of human cardiac tissue. Based on the image, what is the most likely clinical chronic heart diagnosis? not chronic heart failure', 'H&E stained light micrograph of human cardiac tissue. Based on the image, what is the most likely clinical chronic heart diagnosis? none of the above']",af7b023e-3a59-4f2a-a2c1-f728312ea44d,not chronic heart failure,1,"{'pred': [0], 'probs': [[0.5043147802352905, 0.4759517014026642, 0.019733501598238945]], 'pred_prompt': ['H&E stained light micrograph of human cardiac tissue. Based on the image, what is the most likely clinical chronic heart diagnosis? chronic heart failure']}",2.0,,,,,
classification,"['H&E stained light micrograph of human cardiac tissue. Based on the image, what is the most likely clinical chronic heart diagnosis? chronic heart failure', 'H&E stained light micrograph of human cardiac tissue. Based on the image, what is the most likely clinical chronic heart diagnosis? not chronic heart failure', 'H&E stained light micrograph of human cardiac tissue. Based on the image, what is the most likely clinical chronic heart diagnosis? none of the above']",e103eb23-af36-4d8c-ac88-3ce02c42b711,chronic heart failure,0,"{'pred': [0], 'probs': [[0.522013247013092, 0.47368931770324707, 0.0042974334210157394]], 'pred_prompt': ['H&E stained light micrograph of human cardiac tissue. Based on the image, what is the most likely clinical chronic heart diagnosis? chronic heart failure']}",2.0,,,,,
classification,"['H&E stained light micrograph of human cardiac tissue. Based on the image, what is the most likely clinical chronic heart diagnosis? not chronic heart failure', 'H&E stained light micrograph of human cardiac tissue. Based on the image, what is the most likely clinical chronic heart diagnosis? chronic heart failure', 'H&E stained light micrograph of human cardiac tissue. Based on the image, what is the most likely clinical chronic heart diagnosis? none of the above']",b906ac56-69e9-4ebb-9a84-15277235c764,chronic heart failure,1,"{'pred': [1], 'probs': [[0.43432316184043884, 0.5575819611549377, 0.008094863034784794]], 'pred_prompt': ['H&E stained light micrograph of human cardiac tissue. Based on the image, what is the most likely clinical chronic heart diagnosis? chronic heart failure']}",2.0,,,,,
classification,"['H&E stained light micrograph of human cardiac tissue. Based on the image, what is the most likely clinical chronic heart diagnosis? chronic heart failure', 'H&E stained light micrograph of human cardiac tissue. Based on the image, what is the most likely clinical chronic heart diagnosis? not chronic heart failure', 'H&E stained light micrograph of human cardiac tissue. Based on the image, what is the most likely clinical chronic heart diagnosis? none of the above']",ae72b4d4-ace3-419f-ba0b-a94e6fce34f2,not chronic heart failure,1,"{'pred': [0], 'probs': [[0.54057377576828, 0.4450032114982605, 0.014423013664782047]], 'pred_prompt': ['H&E stained light micrograph of human cardiac tissue. Based on the image, what is the most likely clinical chronic heart diagnosis? chronic heart failure']}",2.0,,,,,
classification,"['H&E stained light micrograph of human cardiac tissue. Based on the image, what is the most likely clinical chronic heart diagnosis? chronic heart failure', 'H&E stained light micrograph of human cardiac tissue. Based on the image, what is the most likely clinical chronic heart diagnosis? not chronic heart failure', 'H&E stained light micrograph of human cardiac tissue. Based on the image, what is the most likely clinical chronic heart diagnosis? none of the above']",874379f1-79c6-41c0-a634-77d68a437696,chronic heart failure,0,"{'pred': [1], 'probs': [[0.47026875615119934, 0.5220732688903809, 0.007657968904823065]], 'pred_prompt': ['H&E stained light micrograph of human cardiac tissue. Based on the image, what is the most likely clinical chronic heart diagnosis? not chronic heart failure']}",2.0,,,,,
classification,"['H&E stained light micrograph of human cardiac tissue. Based on the image, what is the most likely clinical chronic heart diagnosis? not chronic heart failure', 'H&E stained light micrograph of human cardiac tissue. Based on the image, what is the most likely clinical chronic heart diagnosis? chronic heart failure', 'H&E stained light micrograph of human cardiac tissue. Based on the image, what is the most likely clinical chronic heart diagnosis? none of the above']",887803d6-529b-499a-a5a3-fab0960e683e,chronic heart failure,1,"{'pred': [1], 'probs': [[0.42406949400901794, 0.5698516964912415, 0.006078821141272783]], 'pred_prompt': ['H&E stained light micrograph of human cardiac tissue. Based on the image, what is the most likely clinical chronic heart diagnosis? chronic heart failure']}",2.0,,,,,
classification,"['H&E stained light micrograph of human cardiac tissue. Based on the image, what is the most likely clinical chronic heart diagnosis? chronic heart failure', 'H&E stained light micrograph of human cardiac tissue. Based on the image, what is the most likely clinical chronic heart diagnosis? not chronic heart failure', 'H&E stained light micrograph of human cardiac tissue. Based on the image, what is the most likely clinical chronic heart diagnosis? none of the above']",aab8b32f-b8dc-48f6-9bc7-1a2c11cf5e5d,chronic heart failure,0,"{'pred': [1], 'probs': [[0.4361249804496765, 0.5574422478675842, 0.006432754918932915]], 'pred_prompt': ['H&E stained light micrograph of human cardiac tissue. Based on the image, what is the most likely clinical chronic heart diagnosis? not chronic heart failure']}",2.0,,,,,
classification,"['H&E stained light micrograph of human cardiac tissue. Based on the image, what is the most likely clinical chronic heart diagnosis? chronic heart failure', 'H&E stained light micrograph of human cardiac tissue. Based on the image, what is the most likely clinical chronic heart diagnosis? not chronic heart failure', 'H&E stained light micrograph of human cardiac tissue. Based on the image, what is the most likely clinical chronic heart diagnosis? none of the above']",21f3a67d-608d-4d64-8cbc-b03d56bf0207,chronic heart failure,0,"{'pred': [1], 'probs': [[0.4837660789489746, 0.5084059834480286, 0.007827975787222385]], 'pred_prompt': ['H&E stained light micrograph of human cardiac tissue. Based on the image, what is the most likely clinical chronic heart diagnosis? not chronic heart failure']}",2.0,,,,,
classification,"['H&E stained light micrograph of human cardiac tissue. Based on the image, what is the most likely clinical chronic heart diagnosis? not chronic heart failure', 'H&E stained light micrograph of human cardiac tissue. Based on the image, what is the most likely clinical chronic heart diagnosis? chronic heart failure', 'H&E stained light micrograph of human cardiac tissue. Based on the image, what is the most likely clinical chronic heart diagnosis? none of the above']",7882ac1a-736d-4cd7-a90b-a00c59ac5afc,chronic heart failure,1,"{'pred': [1], 'probs': [[0.4661445617675781, 0.5277336835861206, 0.006121741607785225]], 'pred_prompt': ['H&E stained light micrograph of human cardiac tissue. Based on the image, what is the most likely clinical chronic heart diagnosis? chronic heart failure']}",2.0,,,,,
classification,"['H&E stained light micrograph of human cardiac tissue. Based on the image, what is the most likely clinical chronic heart diagnosis? chronic heart failure', 'H&E stained light micrograph of human cardiac tissue. Based on the image, what is the most likely clinical chronic heart diagnosis? not chronic heart failure', 'H&E stained light micrograph of human cardiac tissue. Based on the image, what is the most likely clinical chronic heart diagnosis? none of the above']",0a304668-bc79-4428-83e0-bcb09ae55e76,chronic heart failure,0,"{'pred': [1], 'probs': [[0.4852481484413147, 0.5015806555747986, 0.013171191327273846]], 'pred_prompt': ['H&E stained light micrograph of human cardiac tissue. Based on the image, what is the most likely clinical chronic heart diagnosis? not chronic heart failure']}",2.0,,,,,
classification,"['H&E stained light micrograph of human cardiac tissue. Based on the image, what is the most likely clinical chronic heart diagnosis? not chronic heart failure', 'H&E stained light micrograph of human cardiac tissue. Based on the image, what is the most likely clinical chronic heart diagnosis? chronic heart failure', 'H&E stained light micrograph of human cardiac tissue. Based on the image, what is the most likely clinical chronic heart diagnosis? none of the above']",fcd8dc7c-5367-44af-91ab-2d449351ad2b,not chronic heart failure,0,"{'pred': [0], 'probs': [[0.5778995752334595, 0.4145009219646454, 0.007599411532282829]], 'pred_prompt': ['H&E stained light micrograph of human cardiac tissue. Based on the image, what is the most likely clinical chronic heart diagnosis? not chronic heart failure']}",2.0,,,,,
classification,"['H&E stained light micrograph of human cardiac tissue. Based on the image, what is the most likely clinical chronic heart diagnosis? chronic heart failure', 'H&E stained light micrograph of human cardiac tissue. Based on the image, what is the most likely clinical chronic heart diagnosis? not chronic heart failure', 'H&E stained light micrograph of human cardiac tissue. Based on the image, what is the most likely clinical chronic heart diagnosis? none of the above']",fec1d32a-fefb-4950-9191-cb4e7ab7e4ad,chronic heart failure,0,"{'pred': [0], 'probs': [[0.5236249566078186, 0.4654251039028168, 0.010949925519526005]], 'pred_prompt': ['H&E stained light micrograph of human cardiac tissue. Based on the image, what is the most likely clinical chronic heart diagnosis? chronic heart failure']}",2.0,,,,,
classification,"['H&E stained light micrograph of human cardiac tissue. Based on the image, what is the most likely clinical chronic heart diagnosis? not chronic heart failure', 'H&E stained light micrograph of human cardiac tissue. Based on the image, what is the most likely clinical chronic heart diagnosis? chronic heart failure', 'H&E stained light micrograph of human cardiac tissue. Based on the image, what is the most likely clinical chronic heart diagnosis? none of the above']",1830c410-e622-405e-86a9-ea1a5f3dea48,not chronic heart failure,0,"{'pred': [0], 'probs': [[0.5828923583030701, 0.4086698591709137, 0.008437751792371273]], 'pred_prompt': ['H&E stained light micrograph of human cardiac tissue. Based on the image, what is the most likely clinical chronic heart diagnosis? not chronic heart failure']}",2.0,,,,,
classification,"['H&E stained light micrograph of human cardiac tissue. Based on the image, what is the most likely clinical chronic heart diagnosis? chronic heart failure', 'H&E stained light micrograph of human cardiac tissue. Based on the image, what is the most likely clinical chronic heart diagnosis? not chronic heart failure', 'H&E stained light micrograph of human cardiac tissue. Based on the image, what is the most likely clinical chronic heart diagnosis? none of the above']",f49602f4-8ee1-4274-8715-d697c9ad7bb4,not chronic heart failure,1,"{'pred': [1], 'probs': [[0.3950745165348053, 0.5868140459060669, 0.01811143197119236]], 'pred_prompt': ['H&E stained light micrograph of human cardiac tissue. Based on the image, what is the most likely clinical chronic heart diagnosis? not chronic heart failure']}",2.0,,,,,
classification,"['H&E stained light micrograph of human cardiac tissue. Based on the image, what is the most likely clinical chronic heart diagnosis? not chronic heart failure', 'H&E stained light micrograph of human cardiac tissue. Based on the image, what is the most likely clinical chronic heart diagnosis? chronic heart failure', 'H&E stained light micrograph of human cardiac tissue. Based on the image, what is the most likely clinical chronic heart diagnosis? none of the above']",a537c7a1-275a-440f-92d1-40269b9eb68e,not chronic heart failure,0,"{'pred': [0], 'probs': [[0.5852357745170593, 0.39923620223999023, 0.015528092160820961]], 'pred_prompt': ['H&E stained light micrograph of human cardiac tissue. Based on the image, what is the most likely clinical chronic heart diagnosis? not chronic heart failure']}",2.0,,,,,
classification,"['H&E stained light micrograph of human cardiac tissue. Based on the image, what is the most likely clinical chronic heart diagnosis? not chronic heart failure', 'H&E stained light micrograph of human cardiac tissue. Based on the image, what is the most likely clinical chronic heart diagnosis? chronic heart failure', 'H&E stained light micrograph of human cardiac tissue. Based on the image, what is the most likely clinical chronic heart diagnosis? none of the above']",88e93f0b-d4eb-4163-8284-e889b5fef439,chronic heart failure,1,"{'pred': [1], 'probs': [[0.37058910727500916, 0.6199385523796082, 0.009472345001995564]], 'pred_prompt': ['H&E stained light micrograph of human cardiac tissue. Based on the image, what is the most likely clinical chronic heart diagnosis? chronic heart failure']}",2.0,,,,,
classification,"['H&E stained light micrograph of human cardiac tissue. Based on the image, what is the most likely clinical chronic heart diagnosis? chronic heart failure', 'H&E stained light micrograph of human cardiac tissue. Based on the image, what is the most likely clinical chronic heart diagnosis? not chronic heart failure', 'H&E stained light micrograph of human cardiac tissue. Based on the image, what is the most likely clinical chronic heart diagnosis? none of the above']",062b1dd5-4a7e-41d0-94cd-ac7b8a2dd02c,chronic heart failure,0,"{'pred': [0], 'probs': [[0.49690505862236023, 0.48834916949272156, 0.014745742082595825]], 'pred_prompt': ['H&E stained light micrograph of human cardiac tissue. Based on the image, what is the most likely clinical chronic heart diagnosis? chronic heart failure']}",2.0,,,,,
classification,"['H&E stained light micrograph of human cardiac tissue. Based on the image, what is the most likely clinical chronic heart diagnosis? not chronic heart failure', 'H&E stained light micrograph of human cardiac tissue. Based on the image, what is the most likely clinical chronic heart diagnosis? chronic heart failure', 'H&E stained light micrograph of human cardiac tissue. Based on the image, what is the most likely clinical chronic heart diagnosis? none of the above']",24a99976-a575-4209-b438-91c6f33da2dc,not chronic heart failure,0,"{'pred': [1], 'probs': [[0.36615028977394104, 0.623358428478241, 0.010491297580301762]], 'pred_prompt': ['H&E stained light micrograph of human cardiac tissue. Based on the image, what is the most likely clinical chronic heart diagnosis? chronic heart failure']}",2.0,,,,,
classification,"['H&E stained light micrograph of human cardiac tissue. Based on the image, what is the most likely clinical chronic heart diagnosis? chronic heart failure', 'H&E stained light micrograph of human cardiac tissue. Based on the image, what is the most likely clinical chronic heart diagnosis? not chronic heart failure', 'H&E stained light micrograph of human cardiac tissue. Based on the image, what is the most likely clinical chronic heart diagnosis? none of the above']",f57c67d4-8ac4-413a-871c-4053c1b7b772,not chronic heart failure,1,"{'pred': [1], 'probs': [[0.4632475972175598, 0.5200749635696411, 0.016677461564540863]], 'pred_prompt': ['H&E stained light micrograph of human cardiac tissue. Based on the image, what is the most likely clinical chronic heart diagnosis? not chronic heart failure']}",2.0,,,,,
classification,"['H&E stained light micrograph of human cardiac tissue. Based on the image, what is the most likely clinical chronic heart diagnosis? chronic heart failure', 'H&E stained light micrograph of human cardiac tissue. Based on the image, what is the most likely clinical chronic heart diagnosis? not chronic heart failure', 'H&E stained light micrograph of human cardiac tissue. Based on the image, what is the most likely clinical chronic heart diagnosis? none of the above']",e4f35610-9f54-4265-9f5e-9c4daebce308,not chronic heart failure,1,"{'pred': [1], 'probs': [[0.44996920228004456, 0.5311406850814819, 0.018890125676989555]], 'pred_prompt': ['H&E stained light micrograph of human cardiac tissue. Based on the image, what is the most likely clinical chronic heart diagnosis? not chronic heart failure']}",2.0,,,,,
classification,"['H&E stained light micrograph of human cardiac tissue. Based on the image, what is the most likely clinical chronic heart diagnosis? not chronic heart failure', 'H&E stained light micrograph of human cardiac tissue. Based on the image, what is the most likely clinical chronic heart diagnosis? chronic heart failure', 'H&E stained light micrograph of human cardiac tissue. Based on the image, what is the most likely clinical chronic heart diagnosis? none of the above']",fd888486-565e-4fa0-b4fd-71767489c2a8,chronic heart failure,1,"{'pred': [0], 'probs': [[0.4939250648021698, 0.4910094738006592, 0.015065464191138744]], 'pred_prompt': ['H&E stained light micrograph of human cardiac tissue. Based on the image, what is the most likely clinical chronic heart diagnosis? not chronic heart failure']}",2.0,,,,,
classification,"['H&E stained light micrograph of human cardiac tissue. Based on the image, what is the most likely clinical chronic heart diagnosis? not chronic heart failure', 'H&E stained light micrograph of human cardiac tissue. Based on the image, what is the most likely clinical chronic heart diagnosis? chronic heart failure', 'H&E stained light micrograph of human cardiac tissue. Based on the image, what is the most likely clinical chronic heart diagnosis? none of the above']",b69b9639-3947-453b-9684-db8d839f1ebc,chronic heart failure,1,"{'pred': [1], 'probs': [[0.48214608430862427, 0.5115081071853638, 0.006345861125737429]], 'pred_prompt': ['H&E stained light micrograph of human cardiac tissue. Based on the image, what is the most likely clinical chronic heart diagnosis? chronic heart failure']}",2.0,,,,,
classification,"['H&E stained light micrograph of human cardiac tissue. Based on the image, what is the most likely clinical chronic heart diagnosis? not chronic heart failure', 'H&E stained light micrograph of human cardiac tissue. Based on the image, what is the most likely clinical chronic heart diagnosis? chronic heart failure', 'H&E stained light micrograph of human cardiac tissue. Based on the image, what is the most likely clinical chronic heart diagnosis? none of the above']",f5272fa8-39a8-4663-9601-f35cc0f9503b,not chronic heart failure,0,"{'pred': [0], 'probs': [[0.5914459228515625, 0.3988146185874939, 0.009739500470459461]], 'pred_prompt': ['H&E stained light micrograph of human cardiac tissue. Based on the image, what is the most likely clinical chronic heart diagnosis? not chronic heart failure']}",2.0,,,,,
classification,"['H&E stained light micrograph of human cardiac tissue. Based on the image, what is the most likely clinical chronic heart diagnosis? chronic heart failure', 'H&E stained light micrograph of human cardiac tissue. Based on the image, what is the most likely clinical chronic heart diagnosis? not chronic heart failure', 'H&E stained light micrograph of human cardiac tissue. Based on the image, what is the most likely clinical chronic heart diagnosis? none of the above']",f1613597-7edb-4206-b240-514e80084e3e,chronic heart failure,0,"{'pred': [0], 'probs': [[0.5952144861221313, 0.3963440954685211, 0.008441385813057423]], 'pred_prompt': ['H&E stained light micrograph of human cardiac tissue. Based on the image, what is the most likely clinical chronic heart diagnosis? chronic heart failure']}",2.0,,,,,
classification,"['H&E stained light micrograph of human cardiac tissue. Based on the image, what is the most likely clinical chronic heart diagnosis? not chronic heart failure', 'H&E stained light micrograph of human cardiac tissue. Based on the image, what is the most likely clinical chronic heart diagnosis? chronic heart failure', 'H&E stained light micrograph of human cardiac tissue. Based on the image, what is the most likely clinical chronic heart diagnosis? none of the above']",a332330b-b9fb-4c99-a101-b8b9561526d7,chronic heart failure,1,"{'pred': [0], 'probs': [[0.5349844694137573, 0.4585593044757843, 0.006456191185861826]], 'pred_prompt': ['H&E stained light micrograph of human cardiac tissue. Based on the image, what is the most likely clinical chronic heart diagnosis? not chronic heart failure']}",2.0,,,,,
classification,"['H&E stained light micrograph of human cardiac tissue. Based on the image, what is the most likely clinical chronic heart diagnosis? not chronic heart failure', 'H&E stained light micrograph of human cardiac tissue. Based on the image, what is the most likely clinical chronic heart diagnosis? chronic heart failure', 'H&E stained light micrograph of human cardiac tissue. Based on the image, what is the most likely clinical chronic heart diagnosis? none of the above']",71b36826-4dbd-418b-a844-c6a74424be89,chronic heart failure,1,"{'pred': [0], 'probs': [[0.5557574033737183, 0.43256354331970215, 0.01167898066341877]], 'pred_prompt': ['H&E stained light micrograph of human cardiac tissue. Based on the image, what is the most likely clinical chronic heart diagnosis? not chronic heart failure']}",2.0,,,,,
classification,"['H&E stained light micrograph of human cardiac tissue. Based on the image, what is the most likely clinical chronic heart diagnosis? not chronic heart failure', 'H&E stained light micrograph of human cardiac tissue. Based on the image, what is the most likely clinical chronic heart diagnosis? chronic heart failure', 'H&E stained light micrograph of human cardiac tissue. Based on the image, what is the most likely clinical chronic heart diagnosis? none of the above']",b6444e6e-454a-45d7-8d32-458c1ec61ea1,chronic heart failure,1,"{'pred': [1], 'probs': [[0.4409494698047638, 0.5509288311004639, 0.008121718652546406]], 'pred_prompt': ['H&E stained light micrograph of human cardiac tissue. Based on the image, what is the most likely clinical chronic heart diagnosis? chronic heart failure']}",2.0,,,,,
classification,"['H&E stained light micrograph of human cardiac tissue. Based on the image, what is the most likely clinical chronic heart diagnosis? not chronic heart failure', 'H&E stained light micrograph of human cardiac tissue. Based on the image, what is the most likely clinical chronic heart diagnosis? chronic heart failure', 'H&E stained light micrograph of human cardiac tissue. Based on the image, what is the most likely clinical chronic heart diagnosis? none of the above']",4d331cb7-7ae5-4825-9a54-dca7e561d1f1,not chronic heart failure,0,"{'pred': [1], 'probs': [[0.48320600390434265, 0.5055848956108093, 0.011209136806428432]], 'pred_prompt': ['H&E stained light micrograph of human cardiac tissue. Based on the image, what is the most likely clinical chronic heart diagnosis? chronic heart failure']}",2.0,,,,,
classification,"['H&E stained light micrograph of human cardiac tissue. Based on the image, what is the most likely clinical chronic heart diagnosis? not chronic heart failure', 'H&E stained light micrograph of human cardiac tissue. Based on the image, what is the most likely clinical chronic heart diagnosis? chronic heart failure', 'H&E stained light micrograph of human cardiac tissue. Based on the image, what is the most likely clinical chronic heart diagnosis? none of the above']",2895b12b-e3b4-4b4d-9e58-0554f75068f7,not chronic heart failure,0,"{'pred': [0], 'probs': [[0.5025928020477295, 0.49227428436279297, 0.005132876802235842]], 'pred_prompt': ['H&E stained light micrograph of human cardiac tissue. Based on the image, what is the most likely clinical chronic heart diagnosis? not chronic heart failure']}",2.0,,,,,
classification,"['H&E stained light micrograph of human cardiac tissue. Based on the image, what is the most likely clinical chronic heart diagnosis? chronic heart failure', 'H&E stained light micrograph of human cardiac tissue. Based on the image, what is the most likely clinical chronic heart diagnosis? not chronic heart failure', 'H&E stained light micrograph of human cardiac tissue. Based on the image, what is the most likely clinical chronic heart diagnosis? none of the above']",9a98d308-b93f-4f67-bf71-6d070ec9506a,chronic heart failure,0,"{'pred': [1], 'probs': [[0.4534572958946228, 0.5372648239135742, 0.00927785411477089]], 'pred_prompt': ['H&E stained light micrograph of human cardiac tissue. Based on the image, what is the most likely clinical chronic heart diagnosis? not chronic heart failure']}",2.0,,,,,
classification,"['H&E stained light micrograph of human cardiac tissue. Based on the image, what is the most likely clinical chronic heart diagnosis? not chronic heart failure', 'H&E stained light micrograph of human cardiac tissue. Based on the image, what is the most likely clinical chronic heart diagnosis? chronic heart failure', 'H&E stained light micrograph of human cardiac tissue. Based on the image, what is the most likely clinical chronic heart diagnosis? none of the above']",b6ec4531-29b7-4721-9478-12776fe4039f,chronic heart failure,1,"{'pred': [1], 'probs': [[0.43666452169418335, 0.5570385456085205, 0.0062969159334897995]], 'pred_prompt': ['H&E stained light micrograph of human cardiac tissue. Based on the image, what is the most likely clinical chronic heart diagnosis? chronic heart failure']}",2.0,,,,,
classification,"['H&E stained light micrograph of human cardiac tissue. Based on the image, what is the most likely clinical chronic heart diagnosis? not chronic heart failure', 'H&E stained light micrograph of human cardiac tissue. Based on the image, what is the most likely clinical chronic heart diagnosis? chronic heart failure', 'H&E stained light micrograph of human cardiac tissue. Based on the image, what is the most likely clinical chronic heart diagnosis? none of the above']",9e06eb11-b8ff-4bb4-813b-6d59a279b19d,chronic heart failure,1,"{'pred': [1], 'probs': [[0.45718130469322205, 0.5362575650215149, 0.006561191286891699]], 'pred_prompt': ['H&E stained light micrograph of human cardiac tissue. Based on the image, what is the most likely clinical chronic heart diagnosis? chronic heart failure']}",2.0,,,,,
classification,"['H&E stained light micrograph of human cardiac tissue. Based on the image, what is the most likely clinical chronic heart diagnosis? not chronic heart failure', 'H&E stained light micrograph of human cardiac tissue. Based on the image, what is the most likely clinical chronic heart diagnosis? chronic heart failure', 'H&E stained light micrograph of human cardiac tissue. Based on the image, what is the most likely clinical chronic heart diagnosis? none of the above']",51aeb816-0f1f-49a9-8c45-832fc5742914,chronic heart failure,1,"{'pred': [1], 'probs': [[0.37999606132507324, 0.6112759113311768, 0.008728035725653172]], 'pred_prompt': ['H&E stained light micrograph of human cardiac tissue. Based on the image, what is the most likely clinical chronic heart diagnosis? chronic heart failure']}",2.0,,,,,
classification,"['H&E stained light micrograph of human cardiac tissue. Based on the image, what is the most likely clinical chronic heart diagnosis? not chronic heart failure', 'H&E stained light micrograph of human cardiac tissue. Based on the image, what is the most likely clinical chronic heart diagnosis? chronic heart failure', 'H&E stained light micrograph of human cardiac tissue. Based on the image, what is the most likely clinical chronic heart diagnosis? none of the above']",6279768b-b73e-4722-b494-76da7276c273,chronic heart failure,1,"{'pred': [1], 'probs': [[0.4618716835975647, 0.5307539105415344, 0.00737443333491683]], 'pred_prompt': ['H&E stained light micrograph of human cardiac tissue. Based on the image, what is the most likely clinical chronic heart diagnosis? chronic heart failure']}",2.0,,,,,
classification,"['H&E stained light micrograph of human cardiac tissue. Based on the image, what is the most likely clinical chronic heart diagnosis? chronic heart failure', 'H&E stained light micrograph of human cardiac tissue. Based on the image, what is the most likely clinical chronic heart diagnosis? not chronic heart failure', 'H&E stained light micrograph of human cardiac tissue. Based on the image, what is the most likely clinical chronic heart diagnosis? none of the above']",9623a6cc-8d4b-4d2f-9032-7b053131139d,not chronic heart failure,1,"{'pred': [1], 'probs': [[0.38924816250801086, 0.5840254426002502, 0.026726381853222847]], 'pred_prompt': ['H&E stained light micrograph of human cardiac tissue. Based on the image, what is the most likely clinical chronic heart diagnosis? not chronic heart failure']}",2.0,,,,,
classification,"['H&E stained light micrograph of human cardiac tissue. Based on the image, what is the most likely clinical chronic heart diagnosis? not chronic heart failure', 'H&E stained light micrograph of human cardiac tissue. Based on the image, what is the most likely clinical chronic heart diagnosis? chronic heart failure', 'H&E stained light micrograph of human cardiac tissue. Based on the image, what is the most likely clinical chronic heart diagnosis? none of the above']",9679ddf5-f986-4c58-a00b-049a98b5293a,chronic heart failure,1,"{'pred': [1], 'probs': [[0.3780559003353119, 0.6153024435043335, 0.006641588173806667]], 'pred_prompt': ['H&E stained light micrograph of human cardiac tissue. Based on the image, what is the most likely clinical chronic heart diagnosis? chronic heart failure']}",2.0,,,,,
classification,"['H&E stained light micrograph of human cardiac tissue. Based on the image, what is the most likely clinical chronic heart diagnosis? not chronic heart failure', 'H&E stained light micrograph of human cardiac tissue. Based on the image, what is the most likely clinical chronic heart diagnosis? chronic heart failure', 'H&E stained light micrograph of human cardiac tissue. Based on the image, what is the most likely clinical chronic heart diagnosis? none of the above']",f9469031-bdae-4011-ab7a-3f30e43b9331,not chronic heart failure,0,"{'pred': [0], 'probs': [[0.5633765459060669, 0.42679303884506226, 0.009830428287386894]], 'pred_prompt': ['H&E stained light micrograph of human cardiac tissue. Based on the image, what is the most likely clinical chronic heart diagnosis? not chronic heart failure']}",2.0,,,,,
classification,"['H&E stained light micrograph of human cardiac tissue. Based on the image, what is the most likely clinical chronic heart diagnosis? not chronic heart failure', 'H&E stained light micrograph of human cardiac tissue. Based on the image, what is the most likely clinical chronic heart diagnosis? chronic heart failure', 'H&E stained light micrograph of human cardiac tissue. Based on the image, what is the most likely clinical chronic heart diagnosis? none of the above']",b65fb050-c340-419e-bde9-485f6f6c7920,not chronic heart failure,0,"{'pred': [0], 'probs': [[0.5245220065116882, 0.46636295318603516, 0.00911499559879303]], 'pred_prompt': ['H&E stained light micrograph of human cardiac tissue. Based on the image, what is the most likely clinical chronic heart diagnosis? not chronic heart failure']}",2.0,,,,,
classification,"['H&E stained light micrograph of human cardiac tissue. Based on the image, what is the most likely clinical chronic heart diagnosis? not chronic heart failure', 'H&E stained light micrograph of human cardiac tissue. Based on the image, what is the most likely clinical chronic heart diagnosis? chronic heart failure', 'H&E stained light micrograph of human cardiac tissue. Based on the image, what is the most likely clinical chronic heart diagnosis? none of the above']",1e959b68-5ae0-45fa-8593-0ecd17c3c572,not chronic heart failure,0,"{'pred': [0], 'probs': [[0.552711009979248, 0.434052973985672, 0.013235943391919136]], 'pred_prompt': ['H&E stained light micrograph of human cardiac tissue. Based on the image, what is the most likely clinical chronic heart diagnosis? not chronic heart failure']}",2.0,,,,,
classification,"['H&E stained light micrograph of human cardiac tissue. Based on the image, what is the most likely clinical chronic heart diagnosis? not chronic heart failure', 'H&E stained light micrograph of human cardiac tissue. Based on the image, what is the most likely clinical chronic heart diagnosis? chronic heart failure', 'H&E stained light micrograph of human cardiac tissue. Based on the image, what is the most likely clinical chronic heart diagnosis? none of the above']",0809836f-af3b-4ce8-932f-8e0792c1b944,chronic heart failure,1,"{'pred': [1], 'probs': [[0.4836496114730835, 0.5071447491645813, 0.009205643087625504]], 'pred_prompt': ['H&E stained light micrograph of human cardiac tissue. Based on the image, what is the most likely clinical chronic heart diagnosis? chronic heart failure']}",2.0,,,,,
classification,"['H&E stained light micrograph of human cardiac tissue. Based on the image, what is the most likely clinical chronic heart diagnosis? not chronic heart failure', 'H&E stained light micrograph of human cardiac tissue. Based on the image, what is the most likely clinical chronic heart diagnosis? chronic heart failure', 'H&E stained light micrograph of human cardiac tissue. Based on the image, what is the most likely clinical chronic heart diagnosis? none of the above']",85f0e425-8bb8-4417-b8c5-e313a918f0c8,chronic heart failure,1,"{'pred': [1], 'probs': [[0.427213191986084, 0.5628865957260132, 0.009900233708322048]], 'pred_prompt': ['H&E stained light micrograph of human cardiac tissue. Based on the image, what is the most likely clinical chronic heart diagnosis? chronic heart failure']}",2.0,,,,,
